Id,Comments
@user-hd7te1qp1y,나는 퇴물이란 단어가 진짜 싫었음.. 전성기가 지났다는 거니까.. 지금은 퇴물이란 단어를 받아도 감사함을 느낌 나도 전성기가 있었다는 거니까
@user-bt8ix2ps3c,이곡이 벌써 10년전인게 믿기지않음 ㅋㅋㅋㅋ 요즘같이 폰이 보편화된 시대에 나왔으면 뮤비 20억은 걍넘길 갓띵곡
@user-hd7gv4ky2z,"2:59 이 노래를 부르는 왕이 몰락하며 처음이자 마지막으로 내뱉는 비통한 울음 같기도 하고, 왕을 끌어내린 후의 백성들의 환호성 같기도 해서 괜히 기분이 복잡해지는 부분이에요"
@hoxy6061,'명곡은 유행을 타지않는다'는 말을 표현해주는 곡
@user-bw9ln3rc2y,가사를 안보면 정의에게 승리를 주는 노래 가사를 보면 승리에게 정의를 주는 노래
@user-jd9yv3wf7s,"뭣도 모르고 들을 땐 멜로디가 신나서 희망적인 내용인 줄 알았는데,저문 다음 과거를 회상하는 것이었다니"
@_dolmeng_,"어느시대의 어느 왕인지 실존은 했는지 추론해보고 싶어서 가사를 자세히 뜯어봤습니다.  1. ""혁명가"" 프랑스 혁명시대 유럽 어느 왕조인걸까 했지만, ""늙은 왕은 죽고 새 왕""을 찬양하는 백성들의 말과 스스로 왕이 된 주인공을 보면 시민혁명이라기보단 왕위찬탈인것 같습니다.  2. ""좁은방에 갇히다, 내 목이 은쟁반에 올라오길 기다리다"" 주인공은 암살이 아닌 처형을 당한 왕입니다.  3. ""열쇠를 쥐고있던 것도 한순간"" 지난날을 회상하는 것이라 단정하긴 어렵지만 주인공의 재위기간이 짧았을 수 있어보입니다.  4. ""성 베드로는 나의 이름을 부르지 않는다"" 신약성서의 인물이 나오는 것으로 보아 서기 원년 이후 중세 유럽의 기독교 국가인 것 같습니다. 또한 예수의 제자에게 부름받지 못하기에 좋은 왕은 아니었던 것으로 보입니다.  5. ""나의 선교사"" 교황이 종교의 수장인 카톨릭이나 권력과는 상관없는 개신교가 아닌 제정일치 사회일 가능성이 높아 보입니다. 각국의 군주가 대주교를 임명하는 동방정교회일 가능성이 높습니다.   6. ""로만 기병대"" 어느 국가들이 운용했었는지는 모르겠으나 단어만으로 유추해봤을때 로마제국 또는 신성로마제국일 가능성이 높아 보입니다. 로마는 중장보병이 강했기에 이후 영향을 받은 국가들도 로마의 기병보다는 보병을 많이 따라했습니다. 따라서 로만 기병대는 순수하게 로마의 기병이었을 가능성이 높습니다.  7. ""적들의 눈이 공포로 차있었다"" 왕의 재위기간 군사적 능력이 뛰어났다고 보입니다.  8. ""소금과 모래로 된 기둥, 외줄위의 위태로운 꼭두각시 인형"" 정치적 기반이 얕았거나 왕권이 약했음을 유추할 수 있습니다.   종합: 4, 5, 6에 근거하여 동방정교회가 국교였던 동로마(비잔틴)제국으로 범위를 좁히고. 1, 2 에 근거하여 왕위를 찬탈하였으나 스스로도 반란으로 처형되었던 황제를 찾습니다.  4, 7, 8에 근거 하여 군사적으로 성과가 있었고, 정치적 기반은 약했으며 평이 좋지 못한 황제를 찾습니다.  위 모든 증거에 부합하는 인물은 동로마 제국의 65대 황제인 ""포카스"" 입니다.  생애를 요약하자면 군인출신으로 군인들에게 인망이 두터웠으며 선대 황제가 무능하여 군을 사지로 내몰았을 때 군인들이 지도자로 추대하여 반란으로 황제가 된 인물입니다.  포카스는 선대 황제인 마우리키우스를 폐위시키고 도망가는 마우리키우스를 쫓아가 처형하고 목을 수도에 효수하였으며 모든 시민들이 그것을 즐거워 했다고 합니다. 그 때 마우리키우스의 나이는 63세 입니다. 반란을 일으키고 수도에 입성할때 전장에서 얻은 전리품 중 금을 잘게 쪼개어 길거리에 뿌리며 행진하여 시민들의 환호를 받았다 합니다.  무능한 선대 황제와 오랜 기근으로 국력이 약해지고 내부 불만이 쌓여있었기 때문에 국내외로 수많은 반란을 진압하고 외세의 침공을 막아냈습니다. 힘든 와중에도 대부분의 전투에서 승리하였으나 동방 전선에서는 사산조 페르시아에게 많은 영토를 빼앗겼습니다.   내우외환의 시련속에서도 유대인들을 동방정교로 개종시키려 군대와 함께 선교사를 보냈으며, 이에 반발한 유대인들이 안티오키아의 동방정교 지도자를 살해하기도 했습니다.  재위기간동안 무제한적인 공포정치를 펼쳤으며 교양이나 정치적 감각이 없어 원로원을 비롯한 지방 총독등 대부분 귀족과 정치집단에게 반감을 샀습니다. 한 시인은 포카스를 ""지상의 레비아탄""이라 칭하기도 했습니다.(선대 황제의 목이 효수될때 기뻐하던 시민들도 얼마 안가 후회했다고 합니다)  황제로 즉위한 뒤 8년을 채우지 못하고 반란으로 처형당합니다.  주변국의 발전과 동로마에 오랫동안 이어진 기근으로 불안한 시기에 선대로 부터 쌓여온 정책적 모순과 갈등 등이 폭발하기 직전에 황제가 되어버린 안타까운 인물이라는 평도 있습니다."
@Mr-dg9nf,이 노래는 멕시코의 영웅적이며 혁명적이고 고통과 증오로 얼룩진 불같은 삶을 살다간 여류작가 프리다 칼로가 죽기 8일전에 그린 그녀의 마지막 그림 viva la vida에서 영감을 받고 만든 노래입니다. 그녀의 삶에 감동받아 이런 웅장미 넘치는 곡을 만든 콜드플레이가 존경스럽습니다.
@user-kx3ob4rk4y,ㅋㅋㅋㅋ누가 이 노래 '라떼는 말이야'를 간지나게 소개하는 법이랬는데 ㅋㅋㅋ
@user-tv3rd7oc5b,정말 이곡은 가사를 어떻게 이렇게 썼는지가 의문임..과거의 웅장함 속에 가려진 초라한 껍데기같은 현재의 모습을 이렇게나 잘 녹여내다니
@Merong1481,정의가 승리한다고 믿었지만 항상 승리한 자가 정의였지  정의인줄 알았지만 패배한 입장의 가사를 잘 담아서 아직까지도 인생곡중 하나임
@06garden,별에 다가가고 싶은 아이에게 들려주는 한때 별을 가졌던 자의 노래
@user-lk8kx4wc7b,내가 콜드플레이를 알게된곡
@Gyubi8,아니 근데 어찌 저런 가사가 나옴? 진짜 대단하다...어떤 삶을 살아야 저런 가사가 나오지?..
@HHHHH54637,"콜드플레이는 천재다. 이런 희망적인 노래에 비극적인 가사를 대조 시키다니. 가사를 모르고 들었을 땐 눈물겹게 아름다워서 한번, 알고 들었을땐 반전으로 가슴 미어지게 슬퍼서 두번, 큰 울림을 주는 명곡 중의 명곡."
@malice_23,"네가 저자리에 앉게 되더라도 진실된 말 따윈 없을거야, 내가 통치하던 시절처럼  이 가사보면 몰락한 왕이 혁명군들에게 너희가 상상하는 왕이라는 직책은 존재하지 않는다고 자조적으로 말하는 느낌임.."
@user-bt8ix2ps3c,가사내용이 궁금하신분들이 계실까봐 남겨용(몰락한 왕에 관한 내용인데  작년 학교수업시간에 배운거라 생생히기억나네요.물어보시면 바로 알려드려용) 03:33에서 성 베드로는 예수로부터 천국의 열쇠를 받았다고 알려져있으며 이때문에 종종 천국의 문지기로 회자됩니다 그러므로 성 베드로가 내 이름을 부르지않을걸 알아는 자신이 천국에 갈 수 없음을 뜻해여
@tv_7742,성공했던 자에게는 추억을 성공하려는 자에게는 희망을 안겨주는 노래
@subscribefordemocracyinchina,인류 역사가 영화라면 엔딩곡으로 나와야할 곡이다 진짜 개띵곡
@k2bowang708,저 볼때마다 좋아요 좀 눌러주세요... 좋아요 알림 올때마다 좀 듣게요
@derimouriantito3157,유럽의 분위기가 물씬하면서..환희와 축하의 무대속에서 마음을 들뜨게하고 약동케하는 특유의 에너지틱한 분위기는..참 인상적임. 시대의 명곡.
@1222_W,난 네꺼 넌 내사랑 내맘을 훔쳐줘 이런 사랑 얘기보단 이쪽이 좋다. 개취여. 콜드플레이 또 내한 할 일 없나요..
@Jelseu_JS,현재까지 콜드플레이의 유일한 빌보드 1위곡이자 내 최애곡. 들어도 들어도 명곡이란 걸 정말 뼈저리게 느낀다.
@user-rs3xm6bu8m,"0:40에서 주사위를 굴렸다고 하는데 (I used to roll the dice) '진군명령을 하면'이라고 번역되는데 이는 그 유명한 카이사르의 일화에서 온것입니다.  카이사르가 갈리아를 점령하고 로마로 돌아올때 루비콘 강을 건너기 직전에 ""주사위는 던져졌다""라는 말을 하고 대군을 이끌고 강을 건너 로마로 진격한 유명한 일화죠"
@nato1018,혁명으로 몰락한 유럽의 군주들 뿐만아니라 한때 서유럽 황제들도 맘대로 한 교황의 권좌의 몰락이나 제정로마의 숱한 폭군들도 잘 들어맞는 가사...
@iwasborntosurvive5396,"영상배경보소....이 노래는 유럽의 성당들, 시민의 혁명으로 왕좌에서 내려오는 몰락한 유럽 왕실의 모습이 떠오르는데.. 배경이 딱 유럽성당이라 몰입됨"
@achaemenid,"이 노래는 참 대단한것 같음. 몰락한 왕조의 감정을 뛰어난 가사로 잘 표현하고, 그걸 크리스 마틴이 정말 잘 전달한것 같음."
@koreanfoodmall,"이게 내용만보면 프랑스혁명다룬얘기같기도하지만 조금만 비틀어서 생각하면 2001년에 1집앨범 발표하고 01년도 NME 신인최우수상, 01,02,03년도 그래미상 4개부분 최우수상을 받은... 즉 혜성처럼나타나 상을 싺쓸어버리던 음악계의 왕(신인때 저래상받았으니 스스로를 왕이라 생각할수잇음 정황상 충분히)이 08년도까지 부진한 성적으로 보내며 지난 수년을 되돌아보면서 프랑스혁명에서 목이 잘려나간 왕을 자신이라 생각하고 가사를 써서 이런가사 나온걸수도있음  ㅈㄴ 멀리간 뇌피셜이긴한데 이런생각으로 가사를 다시보면 그것도 또 재밌음 다르게들림진짜 ㅋㅋ"
@user-hv6xz7ym6u,도입만 들어도 이미 띵곡임을 알 수 있었던 바로 그 곡. 인류의 유산이 될 곡입니다 이 곡은
@dead_game,전주만 듣고 지려버리는 곡이 이 곡 말고 더 있을까
@ssong_jyan,"난 이말이 너무 싫었다. ""예전엔 그렇게 밝고, 귀여웠는데 지금은 아니네.."" ,""너 변했다"" 화가 치밀어 올랐다. 난 미래를 향해 나가는데 사람들은 자꾸 나를 과거에 비교하니까. 그런데 지금까지 내가 목표를 가지고 살아온 나의 길을 되돌아보니 정작 나는 내 과거의 영광을 다시 원하고 있었다. 나는 침묵했다"
@stebanson6396,가사 자체가 좋다기 보다는 가사와 음악이 이 만큼 잘 어울릴수있다는게 대단한듯 가사를 보면서 노래를들으면 머릿속에 자연스레 영화같은 장면이 어슴푸레 그려진다
@user-xr2ou7sp9v,노예는평등을 원하고 왕은 평정을 원한다
@msj9736,자신은 몰락한 왕. 좀 있으면 죽을것을 알고 있고 죽어서도 지옥에 갈걸 알고 있는 몰락한 왕의 기분은 어떨까 좋아요1천달성
@user-no5ww8cz1q,"가사는 한때 왕이었던 사람이 손자에게 본인의 전성기를 들려주는 것 같고, 멜로디는 그 이야기를 듣는 어린 손자가 마음에서 그리는 멋진 세상 같음"
@user-no5ww8cz1q,노래 가사도 모르고... 마냥 벅차올라서 2년동안 가사안보고 들었는데 오늘 가사 처음알고 머리 한대 맞은기분...  진짜 마음 한켠이 아리게하는 가사였구나
@user-ff2ty1nm7p,이노래가 10년전 노래라니..믿기지가 않음ㅇ 지금들어도 하나도 이질감이 없다
@user-iq9fc5xk8e,배경사진이랑 진짜 찰떡이네요ㅠㅠ
@Hannizzang,가사해석 진짜 잘하셨다.. 배경도 노래에 너무 어울림
@user-gf7ty9uf7w,못다한 미련이 남아 뒤늦게 시작한 공부..50이 지나 힘들때면 이곡을 찾아온다~ 심장이 다시 뛰는거 같아 기운을 받아 다시 힘을 내본다
@limyubbyu,후렴에서 예루살렘 종소리 들린다 할때 종소리 들리는 거 소름..
@mbrau6661,이 곡의 모티브는 7월혁명이며  프랑스의 샤를 10세가 병력 대부분을 알제리로 보내놓은 상태에서  7월 혁명이 일어나 자신 가문의 입헌군주제가 흔들릴 위기에 처하고  이를 극복하려 안간힘을 쓰지만 결국 추방을 당하며  죽을때까지도 조국을 밟지 못한 샤를 10세에 대한 이야기  그리고 이후에 샤를의 직계 왕가는 완전히 끊겨버림
@hayeonkim7838,2024년에도 들으시는 분?
@user-ym5ou3qb9s,이 노래 원곡비디오에 이런 댓이 있었죠... 인류의 역사가 비디오게임이면 이 노래는 엔딩 크레딧으로 나올 노래라고...      출처 : 콜드플레이 (Coldplay) - Viva La Vida (Live In São Paulo) 가사번역 by 영화번역가 황석희 영상의 댓글 작성자 joey
@GamjaTang,커뮤니티 탭에서 신청곡을 받고 있어요 제가 들어보고 제 취향이다 싶으면 할 수 있는 만큼 만들 테니까 많은 신청부탁드려요! 감자탕 채널은 광고로 수익을 벌지 않고 후원도 받지 않으니까 영상에 마음이 드신다면 구독 한 번만 눌러주시면 정말 감사하겠습니다! 코로나 조심하세요!
@lyla6516,처음 들었을 때 너무  좋아서 소름돋았었는데 몇년을 들어도 들을 때 마다 소름돋음.진짜 개명곡
@user-hi2nx8ji9k,명곡은 유행을 타지않습니다. 여러분의 마음을 타죠.
@Queenindae,"진짜 명곡. 신나고 싶을 때, 자존감 올려주는데 최고였던 이 영상도 어느새 천만이 되었구나"
@Cleifi,엄마가 좋아하시던 노래예요 이제는 같은집에 살지 않고 자주 보지 못해요 그래서 엄마가 그리울때마다 이 노래를 들을거예요
@user-ig7cr7jz9e,근래에 너무 힘들었는데 이 노래를 들으니까 좀 괜찮아진 거 같습니다. 어쩌고 보면 우리 모두가 다 힘든데 저만 투정을 부린 거 같아요. 다들 살기 각박하실 텐데 힘내세요. 열심히 공부하겠습니다. 이 노래로 동기 부여를 얻은 거 같아 콜드플레이님들께 감사합니다.
@user-vt7rm7mx2o,"I used to rule the world Seas would rise when I gave the word Now in the morning, I sleep alone Sweep the streets I used to own I used to roll the dice Feel the fear in my enemy's eyes Listen as the crowd would sing Now the old king is dead! Long live the king! One minute I held the key Next the walls were closed on me And I discovered that my castles stand Upon pillars of salt and pillars of sand I hear Jerusalem bells are ringing Roman Cavalry choirs are singing Be my mirror, my sword and shield My missionaries in a foreign field For some reason I can't explain Once you go there was never, never an honest word And that was when I ruled the world It was a wicked and wild wind Blew down the doors to let me in Shattered windows and the sound of drums People couldn't believe what I'd become Revolutionaries wait For my head on a silver plate Just a puppet on a lonely string Oh, who would ever want to be king? I hear Jerusalem bells are ringing Roman Calvary choirs are singing Be my mirror, my sword and shield My missionaries in a foreign field For some reason I can't explain I know Saint Peter won't call my name Never an honest word But that was when I ruled the world Oh, oh, oh, oh, oh Oh, oh, oh, oh, oh Oh, oh, oh, oh, oh Oh, oh, oh, oh, oh Oh, oh, oh, oh, oh I hear Jerusalem bells are ringing Roman Calvary choirs are singing Be my mirror, my sword and shield My missionaries in a foreign field For some reason I can't explain I know Saint Peter won't call my name Never an honest word But that was when I ruled the world"
@user-yn7dt8zt7b,"성공의 진정한 의미와 아직 성공하지 못한 사람들에게 희망과 함께 경고를 전해주는 노래인것 같습니다...""인간은 성공하기 위해 태어난 것이 아니라 성공의 길을 걷기위한 것이다."" 이 말을 반영하는 노래인것 같군요..."
@user-ez7jv2yw5x,같은 사건에 다른 노래 Do you hear people sing는 혁명을 일으킨 혁명가들의 입장에서 부른 노래라면  Viva la Vida는 혁명에 의해 몰락한 왕족의 입장에서 부르는 노래인듯
@user-do2hv9kh4y,2023년에도 듣고 있는 분들에게 행운을
@user-mu9xs2on3b,와 진짜 이 노래 들을때마다 뭔가 내 자신이 대단한거처럼 느껴짐 마음도 웅장해지고  뭔가 명문대 합격 한거 마냥 기분이 너무 좋아짐 진짜 들울때마다 소름 돋고 뭔가 일 하나 성취하고 들으면 기분 째진다
@meow_jj,언제 들어도 내 심장을 뛰게하는 도입부
@user-dm4nw8ni7n,현재 대한민국의 국민과 권력자들에게 필요한 교훈을 주는 가사다.
@user-er3im1yv8i,전주는 들을 때마다 소름이 돋네요. 어떻게 이런 곡을 만들어냈는지 정말 신기합니다. 언제 들어도 질리지 않고 올드하지 않은 완벽한 명곡. 괜히 들으면서 울컥하고 가사도 보면 참 많은 생각을 하게 만들어 주는 것 같아요. 노래 정말 너무 좋네요. 좋은 해석 감사합니다.
@gaoori_,새해 처음 듣는 노래가 1년의 요약이라고 하는 짤 보고 22년 1월 1일 들었던 노래 완벽하게 맞았다 ...가장 힘든 한해였지만 그로부터 깨닮음을 얻음에 감사한 한해였다 내년에는 꼭 희망찬 노래들어야지
@user-pd5hn2yy7k,나락송
@user-gt9hu4yh5s,인간이 쥔 권력은 언젠가는 쇠한다는 의미가 느껴지는 곡이군요. 아주 맘에 듭니다ㅋ
@sdtsoccerdreamtree6398,이 노래 나온지 10년 넘은거 맞음? 비트가 너무 좋은데 처음 시작할때 가슴이 웅장해진다... 갓 노래
@joonyoo1125,번역 쩐다.. 저도 나름대로 영어부심이 있었는데 영어가사로만 봤을 때랑은 와닿는 느낌이 차원이 다르네요ㅠㅠ 번역이 원곡 느낌을 그대로 담고 세세한 디테일까지 살려서 너무 좋은 것 같아요ㅠㅠ  아이돌 노래의 제가 봐도 틀린거 몇개씩 보이는 가사 해석 비디오랑 참 비교돼요.. 이런 번역 해주셔서 감사합니다
@user-mu1cf8uj2i,이노래들으면 전율이 쫙
@user-it2hx5um3v,성 베드로가 날 부르지 않겠지..... 진짜 가사 잘썼다
@user-do9xp7zu4w,2020년 노래  -대충 사랑이 어쩌고 응애 너 사랑해  나도좋아 응애 2010년대 노래- 내가 세상을 지배할 때 이야기
@user-zj5ex7bs8o,진짜 가사 멋있다… 명곡
@user-kc8vk6bd2u,"그 Roll the dice라는 표현을 직역하셨는데, '군사를 진군시키다'라는 뜻이 있어요! 아마 공포로 가득 찬 적들의 시선을 느끼며 군대를 진군시켰다는 뜻인 것 같네용"
@bringgettosummer558,신이 허락한 콜드플레이..
@user-ve5nl6ew6r,영어노래 평소에는 잘 안듣는데 방송 신청곡으로 틀었는데 이 노래는 중독성이 좋아서 많이 들을거 같은 중독성........
@user-jh3hj2hm5h,진짜 삶의 의욕이없을때마다 찾아오면 좋을것같은 노래임 ㄹㅇ;;
@user-xt4gr5vj3r,"대중음악 역사에 길이 남을 초명곡이자 대중음악사에 무조건 언급되는 띵작. 가사도 너무 서사적이고 멜로디,컨셉도 창의적. 그야말로 완벽한 띵작"
@pooq7819,"0:13 I used to rule the world 0:17 Seas would rise when I gave the word 0:20 Now in the morning I sleep alone 0:24 Sweep the streets I used to own  0:41 I used to roll the dice 0:45 Feel the fear in my enemy’s eyes 0:48 Listen as the crowd would sing 0:52 Now the old king is dead, long live the king 0:55 One minute I held the key 0:59 Next the walls were closed on me 1:02 And I discovered that my castles stand 1:05 Upon pillars of salt and pillars of sand  1:09 I hear Jerusalem balls a-ringing 1:14 Roman Cavalry choirs are singing 1:17 Be my mirror, my sword and shield 1:20 My missionaries in a foreign field 1:24 For some reason I can’t explain 1:27 Once you’d gone there was never 1:30 Never an honest word 1:33 And that was when I ruled the world  1:50 It was the wicked and wild wind 1:54 Blew down the doors to let me in"
@user-pc7fl1nb1l,사랑노래도 싫지 않지만 이런 꿈 가치 희망을 외치는 노래가 많아졌으면 하는 바램
@skykim5186,"인류의 역사, 개인의 인생 어느 단면에 대입해도 다 들어맞는 기가 막힌 가사. 이렇게 웅장한 가사를 노래하는데 이렇게 섹시해"
@user-nd3up2kc7e,헐 노래 제목 처음 알았다 이게 그 유명한 갓곡이구나...
@jongtak1019,10년전 그때당시에 이렇게 세련된 곡이 나온것에 감탄이 나올뿐...
@sunny_rain972,"많은 것을 생각하게 만드는 노래다. '인생이여 만세'라는 제목은 자신의 인생의 화려했던 순간에 말했을 법한 말이지만, 가사는 현재는 그렇지 못한, 과거와 현재사이의 괴리를 표현했다. 그 속에서 과거의 부귀영화를 떠올리는 것이 얼마나 큰 고통을 줄지, 나는 아직 어려서 모르지만, 분명히 달갑지는 않은 기분과, 고통일 것이다. 현재 커가는 나의 세대는 이 노래의 제목처럼 살고 있겠지. viva la vida. 앞으로 늙어가며 이 노래의 가사처럼 살며, 화창했던 나날을 생각하겠지. 화창한 날이 없었을 수도 있고, 매일을 힘들게 살아가는, 그런 삶을 살 수도 있겠지. 아직 나의 인생은 그 앞을 예측 할 수 없고 앞으로 큰 고비도 많겠지. 그런 것을 생각하며 오늘도 두려워 하고 이 노래를 들으며 아무 일도 없다는 듯이 viva la vida를 외치며 친구들과 어울리고 학교에 가 공부를 하고 시험을 보며 좌절을 하지. 과연 이러한 두려움과 그 것을 숨기며 사는 그 괴리의 고통이 더 클지 앞서 말한 과거와 현재의 상반된 상황의 괴리에 따른 고통이 더 클지 궁금해 하며 나는 오늘도 커간다. 곧 늙어갈 나의 앞길을 바라보며. 아직 나는 매일이 전성기이다. 이 것을 감사하자. viva la vida"
@skytree4u,"여기 댓글보면 댓글의 장단점 모두 알수있음. 댓글보고 가사 이해되고 관련 배경지식 풍부해졌고 심지어 현재의 나에게도 적용가능했음. 근데, 멋진 댓의 대댓을 열면 꼭 관종이나 분탕종자들의 쓰잘데기 없는 싸움으로 이어져있음.  어쨌든 10년이 넘어도 가사뜻 몰라도, 첨들어도 잊히지않을 흥겹고 웅장한 리듬과 곡도 대단하고, 가사를 들여다보면 이리 다양한 논의와 해석이 나올수있는 가사라니 넘 대단함. 진짜 팝못알이라서 최근에 포레스텔라 커버 덕에 이 노래 알게 됐는데 최신곡트렌드에도 전혀 빠지지않고 어쩜 이리 명곡썼는지 감탄 또 감탄!"
@r6standard_zero190,"이 노래는 진짜... 마치 신이 인간에게 내리는 충고를 노래로 만들고 콜드플레이로 하여금 전파하도록 시킨 것 같음. 가사, 멜로디, 내용 삼박자가 가장 완벽하게 조화를 이루는 인류 역사상 처음이자 마지막 노래가 아닐까..."
@KimBongSik,정확히는 11년전에 나온 띵곡 11년 전에 나왔는데 이렇게 요즘 노래보다 더 좋다
@rigoop7996,매일매일 더 나은 사람이 되기위해 나아가고 있습니다 여러분도 힘네세요
@user-on8ho5ic2y,진짜 팝역사의 한줄기를 장식할 명곡이라고 생각됨 나의인생노래
@hoyunmyoung4325,"제가 처음 영국에 입국했을 때 나온 노래입니다. 추억 돋네, 히드로 공항 입국자 문 열리면서 이 노래 나왔었는데, 느낌 또다름."
@user-oy4xm2bv7m,모든것이 끝났음에 울지말고 모든것이 일어났음에 웃어라
@wangkangg,coldplay와 같은시대에 태어날수 있어서 좋다ㅠㅠ
@BTS0613__,"10년이 지난 지금 들어도 진짜 갓띵곡 ,, 진짜 너무 좋음 .."
@user-hd7ob1rx5o,진짜 몇번을 들어도 좋다...
@user-jd4ql3kn3t,근엄하고 웅장한 분위기가 너무 좋다
@user-pv4is4vr7i,어떻게 이런 철학적인 가사와 화이팅 스러운 멜로디를 기가막히게 어우러지게 만들었는지 ♡
@user-vw4cy5xw8i,언제들어도 가슴이 웅장해지는 곡
@user-xo1gl9hp3l,2:05  이 곡 모티브가 7월 혁명 이라고 하는 댓글 있었는데 혹시 은쟁반 위에 올려질 내 머리 라는게 단두대로 인한 처형을 뜻하는 건가요?
@elin_gpwls,꽤 오래된 곡인데 아직도 빛나는 곡이네요...역시 슬프지만 멋진 곡 답다
@GORIN_Roadkill,성공한 자애게 한 잔 이제는 볼품없는 나의 아버지에게 한 잔 성공이라는 노래에게 한 잔  마지막은 나에게 한 잔
@meganb9541,번역 정말 정확하고 자연스럽게 잘하시네요~~ 잘된 가사 번역 찾아헤매다가 겨우 발견해서 너무 기쁘네요^^ 구독하고갑니다 앞으로 많이 부탁드려요~
@user-wz2rz2yx8l,음악은 세계뒤흔들고 음식은 위장을 뒤흔들지
@whose-making-ranking,"퇴물과 고전이 차이를 말하자면,  퇴물이라는 것은 예전 그 당시에만 좋았을 뿐 지금에서는 인정받을 가치가 없다는 거야.  그러나 고전은 아무리 옛 것이여도 지금도 여전히 인정받을 가치가 있는 것들이지.  마치 viva la vida 처럼"
@seonghyeonlee811,2:46 이부분 너무 좋아~
@user-ey7ey1uz3y,자막 진짜 안어색하게 잘 다신듯.. 앞으로도 계속 영상 올려줘요 ㅠㅡㅜ
@user-bc3wd2mn7e,가지고 있던 아름답게 빛나던 별을 잃은 한 사람의 비통한 노래. 하지만 별을 바라보지조차 못했던 자들에게는 희망이었을 한 사람의 슬픔이자 눈물.
@user-zy6hu3et7i,"가사를 안보면 정의에게 승리를 주는 노래 가사를 보면 승리에게 정의를 주는 노래   라는 댓글에 답글이 500개가 넘어서 더 이상, 답글을 못 적어서 여기에 쓴다. 저런 댓글 쓴 사람은 진짜 천재들인가.  저런 사람들 만나서 1시간만 대화해 봐도 엄청난 영감과 창의력을 얻을 듯."
@user-ij3ew2el2g,선율도 선율이지만 가사 정말 진국이다...
@user-mh3lg7xw8l,노래듣는동안 배경사진보면서 묘하게 어울린다는걸느꼈네요   항상 좋은노래 감사해요~:)
@choeseungil,"1:24 explain할 때 너무 좋고 1:37 여기 음이 모든걸 가졌었던 왕의 가진것들이 소실되어 몰락해가는 느낌이 듦과 동시에 그 모든것이 덧없던게 아니었을까 하는 마치 공허한 감정이 스며들어서 좋네요"
@freestyle6161,가사가 너무 멋져서 눈물이 다 나네.
@kkamci,"유튜브 알고리즘으로 알게 되었지만 매우 좋아하는 노래 노래의 가사,음,가수의 삼박자가 완벽한노래 듣고자면 마음이 먹먹해지는 노래 정말 완벽한 노래"
@user-dh4kk5hr5o,노래 후반부에 민중들이 환호하는소리랑 왕이 우는소리가 겹쳐보인다는말이 진짜 너무 인상깊었어요 정말 듣고보니 그런거같아서요
@lhj6611,진짜 어떻게 전주만 들어도 소름이 쫙 돋지 ㅋㅋ꙼̈ㅋ꙼̈ㅋ꙼̈
@user-zf4zr9lj3v,들을때마다 신비로운노래 전주부터가 ㅈㄴ전율그자체
@nesuokih,이 노래로 콜드플레이 알게되었는데 오랜만에 다시 들으니 좋네요:)
@user-rr5ne9gy1o,혹시 이런 배경사진은 어디서 구하시는지 알 수 있을까요.. 항상 노래랑 배경이랑 잘 맞는거같아서 너무 예뻐서 ㅠㅠ
@Foden47bun,“목표만을 바라보고 달렸고 결국 자기가 원했던 것은 이뤘지만 다른 모든것들을 잃고 그렇게 늙 어가는데 자신과 같은 길을 걸으려고하는 소년을 보고 조언해주는 느낌” 이라는 댓을 잊을수가 없다
@user-id1pq4fy3v,들을 때마다  새로운 전율이 느껴져요!
@Backpercent,멜로디와 가사 둘 다 너무 오짐...
@user-wy5xs8cl2s,이상하게 이 노래만 들으면 맨날 가슴이 벅차오른다
@user-iy2nk4js1c,와 이노래 뭐야.. 오렌만에 옛날팝송 생각나서 감자탕님들어가서 조화수 높은 팝송들 듣고있는데 내가 모르고 있었는 띵곡많다ㅜㅜㅜㅜㅜㅜㅜㅜㅜㅠ
@user-fw9nk4hg4j,이노래 멜로디만 알고 제대로 안건 이번이 처음인데 이게 어떻게 2008년도 노래냐 .. ㅈㄴ 세련됬네
@user-mr9hf6lr6y,장엄하게 시작되는 도입부가 넘 좋아요~ 인생의 쓸쓸함을 관조하게 하는 곡
@KingBoomster,배경 미쳤다 겁나 잘어울려
@user-pu1sm1mv1f,이 세상에 영원한 것은 없다.  하지만 과거에 편린으로나마 기억될 수 있다는 것은 영원한 축복이 될 수 있을 것이다. 그러나 동시에 영원한 저주로 남을 수도 있는 것이다.
@user-gu5bk3py1n,진짜 어떤 기분일까. 한때 명예와 부를 다 가졌던 자신의 과거를 그렇지 않은 현재가되어 회상한다는 건..  내 좁은 식견으로는 가장 먼저 알렉산드로스 왕이 생각났다. 자신의 아버지보다 더 큰 야망을 품고 찬사를 받으며 왕위에 올랐고 한 때는 세상을 다스렸지만 죽을 땐 암살되었다는 얘기가 있을 정도로 부하들의 신뢰를 잃었다. 물론 쏙 들어맞진 않는다. 얼렉산드로스는 전성기 때 죽었으니까.  하지만 아직까지도 전해지는 위대한 업적이 있는 왕이지만 그 끝은 여느인간과 같거나 조금은 더 비참했다는 거에서 갠적으로 이 노래에 오버랩된다
@jihun1861,프랑스 혁명에 대해 배우고 있는 입장에서 이 번역이 최고 인거 같아요! 루이16세 심정을 너무 잘 대변해주는 해석이에요ㅠ
@user-px8gn9gc7m,"매일 30번이상 듣고있습니다 ㅎㅎ 최애곡에다 가사도 좋고 멜로디, 테마, 주제 완벽해요"
@0ju721,이 음악을 길에서만 듣고 딱히 찾아서 듣지는 않았는데 가사가 너무나 멋져요오
@user-gx9jp9kp2c,"이런댓글 있었음 인간의 종말에 어울리는 노래라고,,"
@user-tz4lm5gs4u,"가사가 너무 인상적이네요. 노래 후반부의 오오오- 부분은 마치 왕의 몰락에 기뻐하는 혁명가들의 함성이라는 생각이 듭니다. 왕은 그 함성에 대해 아무런 말 하지 않다가, 마지막으로 성 베드로가 자신의 이름을 부르지 않을 것임을 깨닫는 것은 군중의 목소리가 자신이 옳지 않다고 생각하기에 내 정의가 그들과 틀렸음을 깨달은 것 같습니다. 하지만 어떻게 틀렸는 지 모르고, 캐물으려 하지도 않죠. 사람들의 표정과 함성이 내포하는 의미가 곧 자신의 몰락이였음을 직감적으로 알게 된 것이라고 생각합니다."
@user-sx3mo3hn1n,노래 좋아요!계속듣게되는 매력있는 노래 : )
@Patrick-sd2cx,지구가 멸망할때 이 누군가 이 노래를 인간들에게 틀어줄것만 같다
@user-xh3et2hx5p,명곡 가사도 웅장한 전주곡도 소름
@D0WOON,"ㅎ..혹시 슈퍼밴드 현상이네 비바라비다 듣고 오신 분,,? (쭈글"
@jvckiwai.,영원히 늙지 않는 곡
@user-du7ib4uz9h,"성서를 공부해본 저는 여기서 노래를 부르는 사람이 예수 같다 생각했어요.  1. 난 한때 세상을 지배했었네, 바다도 내 말 한마디에 솓아올랐어, 난 한때 주사위를 쥐고 있었어 적들의 눈은 공포로 가득찼었지 - 이부분에서는 예수가 세상에 내려오기전을 말하는것 같아보여요.  2. 이젠 아침마다 내 것이었던 거리를 쓸고 다니네 - 이부분은 세상에 내려온 예수가 인간의 육신으로 거리를 다니며 겸손하게 살았던걸 표현한것 같군요.  3. 백성들의 노랫소리가 들려와 ""늙은 왕은 죽었으니, 새 왕이여 만세' - 이부분은 예수가 예루살렘으로 들어올때 예루살렘 백성들이 호산나라며 찬양한걸 표현한듯 해요.  4. 열쇠를 쥐고 있던 것도 한순간 좁은 방에 갇히고 난 후 그때가 되어서야 깨닫네 나의 성은 소금과 모래로 된 기둥위에 지어졌었다는걸 - 모래성은 쉽게 무너지죠 소금도 마찬가지구요. 성서에서 예수는 자신이 미래를 알고 죽지 않을 수 있었음에도 하나님의 명령으로 죽음을 받아들였어요. 자신이 열심히 전도하고 진리를 가르쳐도 자신을 쳐형하려하자 모두가 도망가버리는 이 믿음은 모래와 소금으로 된 기둥위에 지어진것이라 표현한듯하네요.  5. 예루살렘의 종소리가 울리고 로마 기병대의 합창소리가 들려와 - 이건  예수가 십자가 지고 산을 오르던 때의 그 상황을 묘사한것 같아요.  6. 나의 거울과 방패가 되어주게 낯선 땅으로 떠나간 내 선교사들이여 - 아닐수도 있지만 마치 성서에서 따온듯한 문장이군요. 예수가 예루살렘에 국한되지 않고 여러 지역으로 선교사들을 파견해 전도하려는걸 거울과 검과 방패로 표현한것 같네요.  7. 어떤 이유에선지 말로 설명할 수는 없지만 네가 저 자리에 앉게 되더라고 진실은 단 한글자도 없을거야 - 자신을 죽임으로서 진짜 메시아를 알아보지 못하고 몰아가는 제사장들을 보며 저들은 거짓된 자들이라 표현한것 같아요.  8. 이건 모두 내가 세상을 지배할 때 이야기라네 - 자신을 죽이고, 비난하고, 싫어해도 결국 세상을 다스리는 자는 자신이란것을 말하는것으로 보여요.  9. 사악하고 거셌던 바람이 저 문을 넘어뜨리고 날 들여보냈어 - 바람을 갸롯유다라 한다면 갸롯유다가 자신을 죽이려는 자들에게 자신을 팔아버려 결국 십자가에 매달리게 된걸 말하는듯 하네요.  10. 깨진 창문과 울려퍼지는 북소리 내가 이 꼴이 될거라곤 아무도 믿지 않았겠지 - 성서에서 예수는 제자들에게 자신이 죽고 3일뒤 다시 살아나게 될것이라 여러번 말했어요. 하지만 제자들은 아무도 이를 귀담아 듣지 않았죠. 결국 십자가에 매달려 죽게될때 환호하는 관중들의 목소리를 북소리로, 제자들의 마음을 깨진 창문으로 표현한듯 해요.  11. 혁명가들은 은쟁반 위에 올려질 내 머리만을 기다리네 - 구약성서에서 표현도 됐었고, 옛 과거 적의 수장의 목을 베개되면 그 목을 왕에게 바치곤 했죠. 말그대로 자신을 적대하는 인물들 (ex: 제사장들) 이 자신의 죽음을 바라는 것을 표현한것 같아요.  12. 외줄 위에 놓인 위태로운 꼭두각시 인형을 오 그 누가 왕이 되길 바랄까? - 백성들은 메시아는 자신들의 입맛에 맞는 이이기를 바랐어요. 자신들의 노력 없이 그저 '신이 해결해 주시겠지' 라며 자신들의 행위로 얻은 결과 임에도 신만 비난했죠. 백성들이 바라는 왕은 자신들의 꼭두각시여야한다 라고 돌려까듯 표현한것 같아요.  13. 성 베드로가 내 이름을 부르지 않을 거란건 알고 있어 - 성서에서 예수는 자신이 십자가를 질때 베드로가 자신에게 '당신은 예수의 제자냐'고 다른 자들이 물을때 세번 부인할 것을 이미 알고 베드로에게 경고까지 했죠. 이를 베드로가 내이름, 즉 '그래 난 예수님의 제자요'라고 말하지 않을거란걸 예수는 이미 알고 있다라고 표현한듯 보였어요.   쓰다보니 좀 억지같은 부분도 없진 않네요 ㅋㅋ 그저 이건 저만의 해석과 제가 느낀 부분인 것이니 너무 민감하거나 '이거 아닌거 같은데'식으로 반응하지 말아주셨음 해요 ㅜㅜ 해석은 모두가 다르게 하니까요."
@bms6191,"""예루살렘의 종소리가 울리고 로마 기병대의 합창소리가 들려와""  이 가사는 볼때마다 심장이 두근대네"
@user-ih2hs1ek4n,이 세상갓띵곡을 드디어!! 감사합니다 강자탕님 ㅠㅠ
@user-ej9oz4ys4h,매번 들어도 명곡 ㄷㄷ
@ss7600,"물론 지금은 그 시절 빛나던 내가 아니겠지만 그 자리에 내려와도 그 시절 나는 항상 그들에게 빛나는 존재로 기억남을 거고 그 기억이 모이고 모인다면 그냥 레전드 역사 한페이지 뚝딱 만드는거지 빛났던 내 과거와 무너진 현재를 알려주는 곡이 아닌 과거의 빛났던 나는 그냥 그 과거, 그 시절 레전드로 남아있는.. 뭐 그런거.. 아 말을 잘 못해서 그렇지 그런거같음 죽을때까지 내가 항상 빛날수만은 없지만 그 시절 내가 그 세기를, 그 시대를 빛냈고 지금은 그렇지 못하지만 그 시절 나는 래전드처럼 항상 기억되는 그런 내용을 담은 노래같음 가사도 그렇고"
@galtae,멜로디 가사 모든게 다 완벽하다
@user-gx8qt1wc7s,노래신청 해도되나요 가능하다면 상상용의 start over 해주세요
@user-mz7xl6vl6z,아니ㅋㅋㅋ  이 노래 하나에 자신감도 생기고 열정도 생기고.... 말을 어떻게 해야 될지 진짜 좋은 노래라....
@yehyun1226,왜 내 눈 앞에 예루살렘의 종소리가 울려퍼지는 가운데 로마 기병대가 출정을 앞두고 이 노래가 배경음악으로 깔리는 장면이 그려지지
@llllxxcxexkxv,이 노래 5살때 엄마랑 차탈때 항상 들었던 노래라 이 노래만 들으면 옛날 생각남.. 엄마는 예전부터 이 노래 엄청 좋아하셨고 지금도 좋아하심...
@anne7952,노래 뜻 모르고 들으면 간지나고 알고 들으면 멋지다...
@luckyooooooou,와 지금 들어도 띵곡 ️
@unknown_k0,노래를 들으면 웅장한 성이 그려지는데  아이러니하게도 그 성이 낡아가고 무너져가는 모습도 같이 그려짐
@seo024,팝송 1위곡 크으 이거지언제 들어도 몸이 들뜨고 신나는 곡 스토리도 멋져 가사도 멋져 가수도 멋져~
@user-sj7ug4hy4i,리듬이 좋네..가사 보다보면 뭔가 후다닥 지나감.
@skybm888,지금은 원곡 뮤직비디오 조회수가 6억이네요. 그래도 조회수 상관없이 정말 저에게 명곡으로 잊혀지지 않는 노래입니다 ㅎ
@bejorndaniel5423,콜드플레이 노랜 왜이렇게 하나같이 인류 자체를 사랑하고 사람은 누구나 소중하며 온 세계의 화합을 노래하는 그런 노래가 많냐 ㅠㅡㅠ
@Merrylyny,슬프면서도 감동스러운곡
@user-kd8me2ou9y,사랑노래가 아닌 가사라는 걸 알고 나서 들으니 더 큰 감동과 전율이 느껴지네요
@pookdealer,마인크래프트 할 시절의 무너진 왕국을 통해 알게된 노래인데 무너진 왕국의 뮤비와 이 노래의 가사는 정말 잘 맞는 것 같네요.... 가사도 좀 슬픈 면도 있는게 마음에 드네요...
@NewJeanwoos,이런 노래를 지금 알게 된 게 인생의 한이다 진짜 ㅈㄴ 좋다
@user-vo6ec8tf9m,2022년 임인년 새 해가 밝았습니다 모두들 올 한 해는 건강하시고 하는 일 전부 말끔하게 쭉 밀고 나가시고 소원 성취하시길 바라겠습니다! 화이팅입니다! 전 2022년 새 해의 첫 노래로 비바라비다를 선택했습니다!
@user-cl8dy9xx8s,"""영원하지 않기에 아름다운 것이다"""
@user-pd6pv1mg3b,전성기때의 추억만 가지고 지금의 자신을 비교하기보단 '그만큼 내가 열심히 살았고 기억에 남는 인생을 살았구나..' 하고 생각할 수 있는 인생을 살고싶어요.
@user-qk8te3ur6y,이노래도 오랜만이네 어쩌다가 유튜브에서 첨 들은건데 명곡이었음 굿!
@Designbyappleincalifornia,진짜 가슴이 웅장해진다.. 이번만큼은 true야
@9reen25,The Script의 Superheroes 해주실 수 있으신가요? 뮤비도 그렇고 가사도 굉장히 좋습니다.    늘 좋은 번역 감사합니다!
@user-yj9ql7od4d,노래 하나가 이렇게 머가릴 혼란스럽게 만들 수 있다니..한 글자 한 글자가 나 같은 사람도 인생에 대해 생각하게 되고 감동적이면서도 슬프네 가사가
@hk416_mod3,와… 이게 10년이 넘은 노래라고…? 진정한 시대역행….
@Choi_jeong_yeon,파맛수호 독재타도 체키독재 규탄한다
@IHS506,전치적 박근혜 시점이라는 댓글 어디갔냐
@madontwo,가사해석이 너무 정확해요 어려웠는데  대단!
@hws8309,가사가 죽이네  어떻게  저렇게 멋지게 작사 하지
@user-pb8wn2qi7x,새로운왕이 행차하는걸 멀리서 바로보는듯한 느낌의 가사인데 그럼에도 예전의왕인 나는 만족한다는 느낌의 마소를 짓는듯한느낌...
@UniPhil,열심히 살았었는데 똑똑했었는데 매년마다 똑같은 생각이네 비바라비다...
@jyk-si2qd,2021년 새해첫날 들은곡.. 커피마시며 베란다에서 지나간 2020년을 회상하며 들은 노래...
@user-yl8sc4zh6b,누구나 들었을때 가슴이 뜨거워 지는 노래
@user-sk9pm6uv8j,감사함돠!!!
@user-zd2pr8ku3h,콜드플레이 사랑해
@user-ox9md2uv6s,비올때  온열시트 틀어논 아늑한 차 안에서 가족과  갬성충전하며 듣는 노래
@starsky7531,Legends never die
@matjota,웅장이 가슴해진다
@user-nn7yx2pb5n,이미 져버린 꽃이 피길 준비하는 꽃에게 들려주는 한때는 활짝 핀 꽃이었던 자신의 이야기
@jee2974,작년 시합장에서 틀려있었는데 대기하던 말을 데려가는길에 탔다가 앞발을 저 음악 박자에 맞춰 계속 들어댔다는 추억... 그 이후로 나만 타면 앞발든다는 억울한 이야기..
@user-te8zj3vi5y,이 왕이 잘못한게 있는것 치고 노래를 너무 잘 만듦
@user-vp7ky6sc5r,이거 집에서 삼촌이 라디오로 듣길래 이거 아니면 Everglo 둘 중 하나일거라 생각했는데..역시 콜드플레이를 좋아하는 나로써는 아직 감이 죽지 않았네요! ㅎㅎㅎ 다른 거는 매번 들어도 잊어버리는데..
@holololllololl,가사 모르고 들었을때는 마냥 좋은 곡인줄 알았는데 가사도 보니까 노래에 여러 뜻이 있네요....
@user-my8bespresso,계속 듣게되는 명곡
@Robin-re7yo,viva la vida <비바 라 비다> 삶이여 영원하라
@user-iv6rf2iv1k,왠지 모르게 슬프네..ㅠㅠㅠ
@Park-Won-soon-keungkeung,우리 날두형 내가 사랑하는거 알지? 사우디가서도 잘 지내야해 항상 응원할께 나의영웅 신두형
@user-vj4lt5vu2r,"인생은 미로임. 계속가다가 막다른 길이 나오는데 거기서 포기하고 좌절할지,아니면 새로운 길을 찾아서 성공할지."
@soccerboy81100,진짜 명곡중에 명곡이다 가슴이 웅장해지네
@user-ot6sg7wv4t,이거 축구장에서 전주 들으면 웅장함이 미침ㅋㅋㅋㅋㅋ예전에 유벤투스 내한 했을 때 이거 경기장에 틀어줬는데 이 노래밖에 생각이 안났음ㅋㅋ
@user-ft2py1dt5y,"""나는 1년을 앓았고, 척추 수술을 일곱 차례나 받았다. 자주 절망에 빠진다. 어떤 말로도 표현할 수 없는 절망감. 그럼에도 불구하고 살고 싶다.""  -프리다 칼로"
@i9294,근데 뒷배경과 글씨체랑 소리가 찰떡이여서 좋음.
@TH_MercyGuy,뭔가 어렸을 때 들으면 희망이 생길 것 같고 나이 들고 들으면 희망을 기억할 것 같다...
@Kim-Tequila,"환상과 허상속에서 존재했던 나 자신을 부수고,  진정한 '나'자신을 발견해 종소리와 북소리가 어울려지는 본질적 '나'라는 왕을 섬길 수 있을까요 우리는"
@user-jx6jc8ef2l,"솔직히 비유하면 종교적 측면도 있지만 인류사가 겪어온 것들이 떠오르네요.  전쟁, 독재 그리고 종식, 몰락.  영원한게 없다 뭐 그런.."
@noyh79,이노래 중독성 쩌네요 생각나서 찾아보다가 방금 찾음
@user-qj1se6qs5g,멋진 곡 잘 들었습니다
@Gyu35,but that was when i ruled the world 할때 뭔가 슬프고 감동적이다
@user-xz7dl8jt7w,When we were young (passenger)해주시면 안될까요? 진짜 명곡인데 해석이 없어요ㅜ
@thyteamo4835,예루살렘의 종소리와 로마기병대의 합창 이부분이 진짜 쩐다
@user-le4my7df8m,"내가 볼려고 쓴거  I used to rule the world Seas would rise when I gave the word Now in the morning, I sleep alone Sweep the streets I used to own  I used to roll the dice Feel the fear in my enemy's eyes Listen as the crowd would sing Now the old king is dead! Long live the king! One minute I held the key Next the walls were closed on me And I discovered that my castles stand Upon pillars of salt and pillars of sand I hear Jerusalem bells a-ringing Roman Cavalry choirs are singing Be my mirror, my sword and shield My missionaries in a foreign field For some reason I can't explain Once you go there was never, never a honest word And that was when I ruled the world  It was a wicked and wild wind Blew down the doors to let me in Shattered windows and the sound of drums People couldn't believe what I'd become Revolutionaries wait For my head on a silver plate Just a puppet an a lonely string Oh, who would ever want to be king? I hear Jerusalem bells are ringing Roman Calvary choirs are singing Be my mirror, my sword and shield My missionaries in a foreign field For some reason I can't explain I know Saint Peter won't call my name Never an honest word But that was when I ruled the world  Oh, oh, oh, oh, oh I hear Jerusalem bells are ringing Roman Calvary choirs are singing Be my mirror, my sword and shield My missionaries in a foreign field  For some reason I can't explain I know Saint Peter won't call my name Never an honest word But that was when I ruled the world"
@YoYo-mw9uu,아무리 영원해보이더라도 결국은 끝이 온다는것을 보여주는 노래
@h2axii,"0:13 I used to rule the world  Seas would rise when I gave the word  Now in the morning, I sleep alone  Sweep the streets I used to own  0:41 I used to roll the dice Feel the fear in my enemy's eyes  Listen as the crowd would sing  Now the old king is dead! Long live the king!  One minute I held the key  Next the walls were closed on me  And I discovered that my castles stand  Upon pillars of salt and pillars of sand  I hear Jerusalem bells are ringing  Roman Cavalry choirs are singing  Be my mirror, my sword and shield  My missionaries in a foreign field  For some reason I can't explain  Once you go there was never, never a honest word  And that was when I ruled the world   1:50 It was a wicked and wild wind  Blew down the doors to let me in  Shattered windows and the sound of drums  People couldn't believe what I'd become  Revolutionaries wait  For my head on a silver plate  Just a puppet on a lonely string  Oh, who would ever want to be king?  I hear Jerusalem bells are ringing  Roman Calvary choirs are singing  Be my mirror, my sword and shield  My missionaries in a foreign field  For some reason I can't explain  I know Saint Peter won't call my name  Never an honest word  But that was when I ruled the world   Oh, oh, oh, oh, oh  I hear Jerusalem bells are ringing  Roman Calvary choirs are singing  Be my mirror, my sword and shield  My missionaries in a foreign field  For some reason I can't explain  I know Saint Peter won't call my name  Never an honest word  But that was when I ruled the world"
@user-yl7de6fy6t,"I used to rule the world  Seas would rise when I gave the word  Now in the morning I sleep alone  Sweep the streets I used to own   I used to roll the dice  Feel the fear in my enemy's eyes  Listen as the crowd would sing  Now the old king is dead, Long live the king   One minute I held the key  Next the walls were closed on me  And I discovered the my castles stand  Upon pillars of salt and pillars of sand    I hear Jerusalem bells a ringing  Roman Cavalry choirs are singing  Be my mirror, my sword and shield  My missionaries in a foreign field   For some reason I can't explain  Once you go there was never  Never an honest word  But that was when I ruled the world   It was the wicked and wild wind  Blew down the doors to let me in  Shattered windows and the sound of drums  People couldn't believe what I'd become   Revolutionaries wait  For my head on a silver plate  Just a puppet on a lonely string  Oh who would ever want to be king?   I hear Jerusalem bells a ringing  Roman Cavaly choirs are singing  Be my mirror, my sword and shield  My missionaries in a foreign field   For some reason I can't explain  I know Saint Peter won't call my name  Never an honest word  But that was when I ruled the world   I hear Jerusalem bells a ringing  Roman Cavalry choirs are singing  Be my mirror, my sword and shield  My missionaries in a foreign field   For some reason I can't explain  I know Saint Peter won't call my name  Never an honest word  But that was when I ruled the world"
@user-vd7ee8il2u,"I used to rule the world  Seas would rise when I gave the word  Now in the morning, I sleep alone  Sweep the streets I used to own  I used to roll the dice  Feel the fear in my enemy's eyes  Listen as the crowd would sing  Now the old king is dead! Long live the king!  One minute I held the key  Next the walls were closed on me  And I discovered that my castles stand  Upon pillars of salt and pillars of sand  I hear Jerusalem bells are ringing  Roman Cavalry choirs are singing  Be my mirror, my sword and shield  My missionaries in a foreign field  For some reason I can't explain  Once you go there was never, never a honest word  And that was when I ruled the world  It was a wicked and wild wind  Blew down the doors to let me in  Shattered windows and the sound of drums  People couldn't believe what I'd become  Revolutionaries wait  For my head on a silver plate  Just a puppet on a lonely string  Oh, who would ever want to be king?  I hear Jerusalem bells are ringing  Roman Calvary choirs are singing  Be my mirror, my sword and shield  My missionaries in a foreign field  For some reason I can't explain  I know Saint Peter won't call my name  Never an honest word  But that was when I ruled the world  Oh, oh, oh, oh, oh  I hear Jerusalem bells are ringing  Roman Calvary choirs are singing  Be my mirror, my sword and shield  My missionaries in a foreign field  For some reason I can't explain  I know Saint Peter won't call my name  Never an honest word  But that was when I ruled the world"
@user-qe4ke9mw5w,인생만세!
@iwc8964,계속 듣게 되는 콜드플레이♡♡
@user-nk4np1nr5x,호날두에게 들려주고 싶은 노래
@user-ou7xb1hb3x,삶   너는 누구를 위해 이렇게  열심히 살았는가 반성 하는 노래
@user-st7dj6xn7f,힘들 때마다 찾아오는 이유가 이 노래에서는 항상 처음 들었을 때의 그 여운과 향수같은 향기가 항상 느껴집니다 변함없이.
@user-nt7ov8qc2d,과거의 영광에 사로잡힌자는 현재를 살아가는 자들을 이길수없는법이다. 영광에 취해 영광을 누리기위해 노력했던걸 잊어버리기에.
@choco-pt1df,"이 분 해석이 제일 좋음.,,"
@user-hx8dl2ck8d,중독성 개쩜
@user-vu6xs9rm9s,와 진짜 이 음악 전주 부분이 너무 좋아서 찾고 싶었는데 제목을 몰라서 유튜브에 딴딴따단 치니까 이상한 것들만 나와서 포기하려했었는데 추천영상에 뜨네요...
@user-pw8me9hk6i,상상용-30lives 부탁드립니다ㅠㅠ 굉장히 좋아하는곡인데 해석해주신분들이 없어용ㅠ
@user-rd1bz5ls6b,드디어 새해 첫날에 들었다!!!
@emakhanenhjw,정말 멋진 곡 같아요
@shin_shocker,이건 그냥 전성기라는게 있는 모든 사람들을 위한 노래인것 같음
@M4skedBoi,"""성 베드로가 내 이름을 부르지 않겠지""  여기서 성 베드로는 죽은 자가 천국으로 들어가기 위해선 천국의 성문에서 베드로가 자기 이름을 불러줘야만 들어갈수 있다고 하네요"
@user-kr6hf6ul2f,세월이 지나도 좋은 노래는 여전히 좋네~~
@user-yf8ic4dr8e,좋은노래만 가득가득하네요 바로구독 알람
@worldclass2510Trillion,천재임~ 부차적 설명은 거두절미~ 인간의 천재성 예술성은 어디까지가 끝인지.. Romans Cavalry로마 기병대의 나팔소리가 합창처럼 울린다는 비유의 가사는 정말 신만이 정의할 수 있는 표현!!  천재는 정말 ㅈㄴ멋있음!! ColdPlay 영원하라!
@Gyeok_Su,앗 이노래가 무너진왕국의 원곡이었군요..!!노래 엄청 좋내요 ㅎㅎ
@user-kp1ny4rw7u,새로운 시대를 맞이한 우리. 동시대사람들의 지혜를 모아 앞으로 나아갑시다. 그 어느 선조도 퇴보하라 가르치지 않았습니다. 우리를 위해 용감히 싸우셨습니다. 더 나은 내일을 위해 도망치지 않습니다.
@user-xo7xe4ut5t,저 이곡 찿을려고 3년동한찿음 진짜 거짖말아니 고요  정말 해석 감사합니다.퓨ㅠ
@user-xu4sp7tt8z,"I used to rule the world Seas would rise when I gave the word Now in the morning, I sleep alone Sweep the streets I used to own  I used to roll the dice Feel the fear in my enemy's eyes Listen as the crowd would sing Now the old king is dead, long live the king One minute, I held the key Next the walls were closed on me And I discovered that my castles stand Upon pillars of salt and pillars of sand  I hear Jerusalem bells a-ringin' Roman Cavalry choirs are singin' Be my mirror, my sword and shield My missionaries in a foreign field For some reason, I can't explain Once you'd gone, there was never, never an honest word And that was when I ruled the world  It was a wicked and wild wind Blew down the doors to let me in Shattered windows and the sound of drums People couldn't believe what I'd become Revolutionaries wait For my head on a silver plate Just a puppet on a lonely string Oh, who would ever want to be king?  I hear Jerusalem bells a-ringin' Roman Cavalry choirs are singing Be my mirror, my sword and shield My missionaries in a foreign field For some reason, I can't explain I know Saint Peter won't call my name Never an honest word But that was when I ruled the world  Oh-oh-oh, oh-oh, oh Oh-oh-oh, oh-oh, oh Oh-oh-oh, oh-oh, oh Oh-oh-oh, oh-oh, oh Oh-oh-oh, oh-oh, oh  I hear Jerusalem bells a-ringin' Roman Cavalry choirs are singin' Be my mirror, my sword and shield My missionaries in a foreign field For some reason I can't explain I know Saint Peter won't call my name Never an honest word But that was when I ruled the world"
@user-gx4re1rm9m,Coldplay - Fun ft.tove lo도 번역 해주실 수 있나요??ㅠㅠ 최애곡인데 유튜브에는 아직 없는거 같아요 해주시면 알람설정까지 할께요ㅠㅠ
@lovesongs.romantic1905,꽤 오래된 곡인데 아직도 빛나는 곡이네요...역시 슬프지만 멋진 곡 답다
@doyouhearme9288,진 짜 콜드플레이 미쳤다. 넘 미 쳤어 넘 멋지자나 이건.
@songsweloved._,"Ady suleiman 의 out of luck ,state of me 도 넣어주세욥 ㅠㅠ️"
@a.l8562,3:00 이노래 알았을때 이부분만 좋아서 부르고 다녔는데 추억이네....
@user-tb1wj5uj9h,가슴이 뭉클해진다
@angl4m,지금 듣고 있는 당신은 전설입니다
@BJK3927,"1:27 Once you had gone there, was never never an honest word  여기 Once you go there 아닌지요?"
@user-mt5vz9mp1h,이게 나왔을때는 시대를 넘뛰어넘음
@hyunjin7232,노래가 웅장한 느낌이 들어요
@TheSaju,가사를 따로 보니 느낌이 색다르네요~
@user-xi7li5fo7g,"I used to rule the world  한때 세상을 지배했지  Seas would rise when I gave the word  내 말 한 마디에 바다가 출렁거렸어  Now in the morning I sleep alone sweep the streets I used to own  이제 아침에 난 내가 소유했던 거리를 청소하고 혼자 자     I used to roll the dice feel the fear in my enemy's eyes  내 적들의 눈에 비친 공포를 느끼며 주사위를 굴리곤 했지  Listen as the crowd would sing ""Now the old king is dead! Long live the king!""  군중들이 “이제 옛 왕은 죽었다! 새 국왕만세!”라고 부르는 노래를 들으면서 말야  One minute I held the key next the walls were closed on me  잠깐 열쇠를 쥐었지만 다음엔 벽들이 날 가두었지  And I discovered that my castles stand upon pillars of salt and pillars of sand  그리고 깨달았어, 내 성은 소금 기둥과 모래 기둥 위에 서 있다는 것을     I hear Jerusalem bells are ringing, Roman Cavalry choirs are singing  예루살렘의 벨이 울리고 로마 기병대의 합창 소리가 들려  Be my mirror, my sword and shield, my missionaries in a foreign field  해외에 있는 나의 사절들이여 내 거울, 검, 방패가 되어줘  For some reason I can't explain, once you're gone  여러 가지 이유로 설명할 순 없지만, 너희들이 일단 (해외로) 떠나고 나니까  Was never, never an honest word but that was when I ruled the world  단 한 마디의 정직한 말도 없었어 하지만 그때는 내가 다스릴 때였지      It was the wicked and wild wind blew down the doors to let me in  사악하고 스산한 바람이 불어 내가 들어 갈 수 있게 문을 내리는 구나  Shattered windows and the sound of drums  부서진 창문들과 북소리  People couldn't believe what I'd become  백성들은 내가 (그렇게) 될 거라고 믿을 수 없었지     Revolutionaries wait for my head on a silver plate  혁명가들은 나의 목이 은쟁반 위에 올려 지길 기다리지  Just a puppet on a lonely string  단 한 줄에 매달린 꼭두각시  Oh who would ever want to be king?  오, 누가 왕이 되길 원하겠는가?          I hear Jerusalem bells are ringing, Roman Cavalry choirs are singing  예루살렘의 벨이 울리고 로마 기병대의 합창 소리가 들려  Be my mirror, my sword and shield, my missionaries in a foreign field  해외에 있는 나의 사절들이여 내 거울, 검, 방패가 되어줘  For some reason I can't explain I know Saint Peter won't call my name  여러 가지 이유로 설명할 순 없지만 베드로는 내 이름을 부르지 않을 거야  And for all it's worth but that was when I ruled the world  그럴 만도 하지, 하지만 그땐 내가 다스릴 때였으니까     Ooh ~  워어어 ~       I hear Jerusalem bells are ringing, Roman Cavalry choirs are singing  예루살렘의 벨이 울리고 로마 기병대의 합창 소리가 들려  Be my mirror, my sword and shield, my missionaries in a foreign field  해외에 있는 나의 사절들이여 내 거울, 검, 방패가 되어줘  For some reason I can't explain I know Saint Peter won't call my name  여러 가지 이유로 설명할 순 없지만 베드로는 내 이름을 부르지 않을 거야  And for all it's worth but that was when I ruled the world  그럴 만도 하지, 하지만 그땐 내가 다스릴 때였으니까"
@user-hm2xj5vq5c,전주부터 대중을 사로잡아야한다는게 딱느껴짐. 웅장함이 느껴지면서 명곡이여서 유행을타지않지
@user-tt2bc9vf7m,15년이나 지났지만 아직도 명곡으로 꼽히는 전설의 노래.......ㄷㄷㄷ
@user-ri2hb6ic7q,2008년부터 들었슴다 추억이네요
@user-pf3rl9lj5n,TMI: viva la vida의 배경인  7월 혁명이후 얼마 안가 do you hear the people sing의 배경인 6월 봉기가 일어났다. +(6월 봉기는 실패했다.)
@user-uq6vy9pr9i,노래 진짜 좋네요 오늘만 4번째 듣는 중 ㅎ
@cltyzenjh_blues,노래가 저 사진이랑 너무 잘어울려 나 저런분위기 너무좋아ㅠㅠ
@user-qz7lf8pq9h,콜드플레이를 몰랐지만 팬이된 노래
@AquaSerenade,노래 진짜 좋다.
@pj2240,뭐야 이거 해드폰끼고 듣고있는데 왜 눈물이나오는데
@brainnuts,명곡의 대명사
@munbaelee1158,2022년에 들어도 개좋은 노래
@user-vb4cj2pg5v,1:50
@user-lw2ew5tb9b,우리 아버지께서 음악은 늙지 않는다고 하셨는데 그 말은 이 곡에도 해당되는 것 같다..
@seungchankwak9285,진짜 머리 속에 맴돌았는데 하루종일 찾다가 드디어 찾았네요ㅠㅜ 워어어어 워어어어로 검색하다가 찾음...ㅌㅊㅌㅌ
@user-hs9lh2qu9h,와씨 드디어 찾았다 ㅠㅠ 진짜 네이버랑 유튜브에 딴딴딴딴 딴 딴딴딴딴만 계속 치고 찾아보다가 안나와서 좌절했다가 드디어 찾았네 ㅠㅠㅠㅠㅠㅠㅠㅠㅠㅠㅠㅠ
@user-ce5iz1mw8z,헐 ㅠㅠㅠ 배사 찰떡 ㅠㅠㅠㅠ 구독할게요ㅠㅠ 영상 많이 올려주세요 ㅠ
@NG_0022,오우 몸에 소름이 쫙..노래 대박이다
@June17ss,댓글:화목과 명언의 대화창 대댓글:풀발
@user-lv6wt2hy7m,아 가사가 진짜너무 반전이라 소름돋고 너무어울리는 이 웅장함과 하..명곡.
@user-bc1xh1sn8p,음 완전  로맨틱해ㅠㅠㅜㅠㄴㅓ무 좋아ㅠㅠㅠ
@lonely__frog,댓글들 말대로 저 몰락한 왕이 네로황제라고 생각하고 들으니깐 소름끼치도록 잘맞네
@young32768,천만뷰 미리 축하드립니다
@youngandwise2595,"메인 싱어, 완전 잘 생겼어요. 진심 내 스타일"
@simje429,유럽과 미국의 문화적 심도 차이를 느낀다. 유럽에서 이런 좋은 곡이 나오는것 같음.
@user-rm3nq8yy2q,인류의 역사가 비디오게임이라면 엔딩크레딧에 나올 노래.
@user-vm3mw6zv7x,2000년때 최고의 노래가 아니었나 싶다.
@seonghyeon1724,콜드플레이는 몇년이지나도 계속 띵곡만 내네
@vovo5709,뭔가 꽝 하는 듯한 클라이맥스가 없이 굉장히 두근거리고 소름끼치는 노래 흔치 않은데... 진짜 명곡인듯
@wdmsmp_05,영원한것은 없다... 시작이 있으면 끝이 있는법...
@user-gn9jl7kw8l,1월 1일 들어야할 노래
@OhDDublelyuOh,"I used to rule the world Seas would rise when I gave the word Now in the morning, I sleep alone Sweep the streets I used to own I used to roll the dice Feel the fear in my enemy's eyes Listen as the crowd would sing Now the old king is dead, long live the king One minute, I held the key Next the walls were closed on me And I discovered that my castles stand Upon pillars of salt and pillars of sand I hear Jerusalem bells a-ringin' Roman Cavalry choirs are singin' Be my mirror, my sword and shield My missionaries in a foreign field For some reason, I can't explain Once you'd gone, there was never, never an honest word And that was when I ruled the world It was a wicked and wild wind Blew down the doors to let me in Shattered windows and the sound of drums People couldn't believe what I'd become Revolutionaries wait For my head on a silver plate Just a puppet on a lonely string Aw, who would ever wanna be king? I hear Jerusalem bells a-ringin' Roman Cavalry choirs are singing Be my mirror, my sword and shield My missionaries in a foreign field For some reason, I can't explain I know Saint Peter won't call my name Never an honest word But that was when I ruled the world Oh-oh-oh, oh-oh, oh Oh-oh-oh, oh-oh, oh Oh-oh-oh, oh-oh, oh Oh-oh-oh, oh-oh, oh Oh-oh-oh, oh-oh, oh I hear Jerusalem bells a-ringin' Roman Cavalry choirs are singin' Be my mirror, my sword and shield My missionaries in a foreign field For some reason I can't explain I know Saint Peter won't call my name Never an honest word But that was when I ruled the world"
@user-wh1pz5xi4b,변역진짜 매끄럽다
@user-eh5tr2rs9u,"왕이 한명의 시민으로 몰락한 배경인데, 왠지 콜드 플레이도 한 때 명성을 떨쳤지만 나이가 들어 일반인처럼 살 때를 생각해서 썼을수도 있지 않을까 생각해봅니다"
@user-sr3km5wp6d,노래 좋다~잘 듣고 갑니다
@mnm-ht1jb,이 노래 안 들은 사람 귀 빌리고 싶다 아무리 노래를 들어도 처음 들은 그 순간을 잊지 못 해ㅜㅜ 가사가 너무 좋아서 어떻게 이런 가사가 나올까 충격 먹었음
@user-yd8xp5je8c,누군가에게는 희망을 누군가에게는 추억을 누군가에게는 아픔을 누군가에게는 과거와 현재 그리고 미래를 생각하게 해주는 곡
@sqgimbap,팝송에 입문을 하게 해준 저의 첫 명곡이네요.. 게임 패러디 곡(무너진 왕국)으로 먼저 알았지만.. 아무튼.
@user-kd8co3tg1r,2021년 새해 대박나자!
@user-hh4hf4yn3b,전주만 들어도 눈물 나요
@user-sb4dc1sh8p,콜드플레이노래정말좋아요!!!
@Nan_ga,소금과 모래로 지어진 가장 오래된 세상의 이야기  ​ 그 어느 생명도 그의 눈동자 속에 바다를 담을 수 없었다네  담을 수 있는 것은 물결이었을 뿐  ​ ​ 그 어느 생명도 그의 가슴속 벽돌의 단단함을 볼 수 없었다네  볼 수 있는 것은 벽돌 사이의 작은 틈이었을 뿐  ​ ​ 어느 날 가장 오래된 세상의 이야기가 말했지  바다는 그저 소금에 불과하고  벽돌은 그저 모래에 불과하다고  ​ ​ 가장 오래된 세상의 제일 큰 이야기가 말했지  소금과 모래로 지어진 이야기의 이치라고
@ghj1207,가사 안 보면 모두에게 희망을 주는데 가사를 보면 오히려 자신의 과거를 돌아보게 된다.왜냐하면 가사 자신의 과거를 말하는거니깐.
@punchwatery9986,가사 오진다잉
@seankim8480,"노랫말를 한글로 바꾸는것이 어렵다기 보 다,, 노래의 배경과 의미를 전달하며 번역하기가 아주 힘든 노래인데 잘 번역해셔서 너무 고맙습니다. 다만  읽고 이 음악을 즐기시는 분들이 ""역사는 승자의 기록""이라는 표현의 해석이 매우 아쉽습니다.  ""이 음악은 승리와 기쁨의 리듬으로 노래 전체를 뒷받침하면서 갖은 악행과 추행을 일삼던 왕  King Louis XVI.가 단두대로 올라가기전 후회하며 읖조리는 그의 고백을 통해 역설적으로 French revolution 에대한 세상의 진리를 표현한 예술적인 노래입니다. 마치 광주항쟁의 대한 책임으로 전두환을 심판대에 세우고 그때 그가 읖조리며 후회하는 듯한 고백을 통해 승리의 기쁨을 표현한 역설적인 노래인거죠. 그러니 ""역사는 승자의 기록""이라는 말로 폄혜하지 말았으면 합니다."
@jyy3380,뇌:야 저거 멋지다 해보자 눈:ㅇㅋ 가사 본다 손:마이크 잡았쓰... 성대:야이 개섺이들아 내가 못해
@nezptune,"nostalgic song bro, I remember this when I was little"
@justgetintothisflow7767,역시 Coldplay 칭찬 합니당! 앞으로 열심히 하시길... 난 개인적으로 이노래가 질리지 않더라
@user-qx9hs4tj3n,1:00 2:58
@Mocar1122,이 노래는 과거를 회상하면서 부르는 노래다. 그러기에 과거를 회상하면서 부를수 있다는 것은 과거를 바탕으로 세상에는 더 좋은 미래가 올 수 있다는 것을 알려주는 것이 아닐까?
@ha._.m,"와 이 노래가 벌써 12년 전이야,, 미쳤네"
@what-yn3zf,작년에 저 배경에 나오는 장소 가봤는뎅....그때 들으면 찰떡이었겠당
@user-vy3vr5is5j,"Viva La Vida 가사  I used to rule the world  Seas would rise when I gave the word  Now in the morning, I sleep alone  Sweep the streets I used to own  I used to roll the dice  Feel the fear in my enemy's eyes  Listen as the crowd would sing  Now the old king is dead! Long live the king!  One minute I held the key  Next the walls were closed on me  And I discovered that my castles stand  Upon pillars of salt and pillars of sand  I hear Jerusalem bells are ringing  Roman Cavalry choirs are singing  Be my mirror, my sword and shield  My missionaries in a foreign field  For some reason I can't explain  Once you go there was never, never a honest word  And that was when I ruled the world  It was a wicked and wild wind  Blew down the doors to let me in  Shattered windows and the sound of drums  People couldn't believe what I'd become  Revolutionaries wait  For my head on a silver plate  Just a puppet on a lonely string  Oh, who would ever want to be king?  I hear Jerusalem bells are ringing  Roman Calvary choirs are singing  Be my mirror, my sword and shield  My missionaries in a foreign field  For some reason I can't explain  I know Saint Peter won't call my name  Never an honest word  But that was when I ruled the world  I hear Jerusalem bells are ringing  Roman Calvary choirs are singing  Be my mirror, my sword and shield  My missionaries in a foreign field  For some reason I can't explain  I know Saint Peter won't call my name  Never an honest word  But that was when I ruled the world"
@user-qw6gn8fs4u,"히틀러도 1941년, 독일의 부흥을 이끌었으나 1945년 4월 30일 자신의 56번째 생일에 베를린 지하벙커에서 목숨을 끊었죠.   이렇게 몰락과 번창은 한 순간이고 우리가 알지 못하는 역사의 뒷페이지도 있을거라 믿음"
@ezb0zo2,전에 몇번 영상으로 봤었는데 최근에 보니깐 3개월전에 올린게 전부더군요.. 제발 돌아와주세요 감자팅님처럼 숨겨진 띵곡찾는 사람은 없단말이에요
@heavenlyjudgmentnebeskysou86,이 노래 너무 좋아서 가사를 다 외워 버렸어
@user-hi7zf1mm1z,공부하면서 들엇는데 영어 28점 나왓어요
@chistarpio6287,워어어어에오!
@sindorim0417,가사 모르고 들을 때랑 가사 알고 들을 때랑 느낌이 확 다르네... ㄹㅇ 개띵곡
@user-sq8xo6dg8l,노래는 너무 좋다
@user-kh6lh3ev9c,난 음유시인이 한 시대를 들려주는 노래같다는 느낌을 받았는데. 뮤지컬 노틀담 드 파리에 그랭그와르가 부르는 대성당들의 시대같은 느낌...
@user-yv2ti8id4x,드라이브할 때 참 듣기좋은 팝송.
@user-we9fb9eg1m,가사 공감- 인생무상- 인생은 거의 일직선에 가깝게~
@user-te8zj3vi5y,참잘 듣고 가요
@user-ij6oh1fr1j,주기적으로 들어줘야 함
@DFdod,분명 들어본 노래인데 지금 기억나는건 파맛수호 독재타도밖에 없다.. 젠장
@yelinis_.,내 인생이 끝났을 때 듣고 싶은 노래가 있냐고 물어보면 무조건 이 노래다
@user-zn9tx9st1u,기말 잘 치고오겠습니다!!화이팅!!
@user-mt4to2fj5i,나만 이노래 들으면 눈물남?
@llllllll8884,늙어가는 메시 호날두를 보면서 이걸 들으면 눈물이남
@bt-avenger4365,이노래가 나온지 벌써 이렇게 지났네.... 많이 들었었는데 이곡만들으면 그때로 돌아가고 싶고 기쁘면서도 암울하다 처음들을땐 신났는데 왜이렇게 암울한걸까... 그게 정녕 시간이 바꿔준 내 생각인걸까..... 한번의 Legend는 forever
@user-fh2em4oo9r,마지막에 우~우~우~ 하는 부분 너무 좋음
@user-jh3yx3fv6q,"프랑스 마지막 왕이 잃어버린 왕권을 되찾고자 노력했으나 국민들에게 왕위에서 내쳐질때 궁궐로 들려오는것은 국민들의 만세소리 "" viva la vida """
@darkness4414,??:우린 비바라비다 ~ 우린 비바라비다
@hochoice6962,제가 정말로 좋아하는 노래입니다
@user-ww5qj3ci7g,예전에는 이노래 싫어했는데 요즘은 너무 좋다
@user-th5sv8bf1e,어째서 이 노래가 현재 노래보다  더 좋을수가 있찌?
@High_student_sanyang08,몰락한 왕의 유언같은 노래..
@jinseo901,고맙습니다.
@user-gy2ko7qu5j,나의 밤은 너희들의 낮보다 찬란하다!
@glass_of_lager,좋은영상하나의 조회수는 구독자수를 상관하지 않는다
@user-wm8lw6gg5m,내가원하는자리는너의옆자리 너를사랑할내자신이앉을자리
@user-qh4jy2ot2c,역사는 승자들에 의해 쓰여지는 것이죠
@9reay,어릴때 마크하다 들은 노래를 지금에서야 찾았네요.. 변함없이 좋습니다
@hoshino_with,이 세계에서 내가 원하는 세계를 꿈꾸는 한 왕의 이야기
@user-yu2hl3oi4k,1:06 사상누각ㅠㅠ
@renk9402,하루에 한번은 꼭 들으러옴
@user-we6ml5ts3e,날마다 비가 와요. 습하고 너무 추워요
@poshasha,사진의 장소는 어느 성당일까요? 저기서 크게 이 노랠 부르고 싶네요 ㅋㅋ 쫒겨나려나
@user-ok5fc2sl9s,1:07 사상누각 ㄷㄷ
@daramzuy2,"아무 부담없이 듣기  좋은 노래, 작업을하든, 드라이브를 하든, 현타와서 멍때리고 있을때든 언제든 듣기 좋은 노래...그리고 듣는순간에는 내 가슴속 어딘가에 쿵쿵거리는 심장박동이 느껴지다가 끝나면 뭔가 알 수 없는 여운이...."
@user-co1uu9ed4y,뭔가 들으면 나 자신이 맑아지는 느낌을받다가 노래가 완주될쯤에 눈물이 나올꺼 같은 노래
@user-ek4uz2pw2s,어떻게 이 주제로 이런 명곡을 만들 생각을 했는지 참으로 신기함. 모두가 민주주의는 프랑스 시민혁명으로부터 시작했다고 의미를 부여하며 말하는데  그 민주주의가 전진하기 위해 목숨과 영광을 뺐겨야만했던 루이16세의 관점으로 풀이한 노래. 왕이자 역사적 인물이라 해도 결국 한번의 생을 살아가고 후회하는 나약한 한사람일뿐
@cristianoronaldo8153,내가 콜드플래이를알게해준곡이자 이노래를 아마 초딩3학년즈음에 유튜브에 fallen kingdom이라는 마크뮤비가 있길래 노래제목이 fallen kingdom인줄알았었지 ㅜ
@UU-dy9mm,"I used to rule the world  Seas would rise when I gave the word  Now in the morning, I sleep alone  Sweep the streets I used to own  I used to roll the dice  Feel the fear in my enemy's eyes  Listen as the crowd would sing  Now the old king is dead! Long live the king!  One minute I held the key  Next the walls were closed on me  And I discovered that my castles stand  Upon pillars of salt and pillars of sand  I hear Jerusalem bells are ringing  Roman Cavalry choirs are singing  Be my mirror, my sword and shield  My missionaries in a foreign field  For some reason I can't explain  Once you go there was never, never a honest word  And that was when I ruled the world  It was a wicked and wild wind  Blew down the doors to let me in  Shattered windows and the sound of drums  People couldn't believe what I'd become  Revolutionaries wait  For my head on a silver plate  Just a puppet on a lonely string  Oh, who would ever want to be king?  I hear Jerusalem bells are ringing  Roman Calvary choirs are singing  Be my mirror, my sword and shield  My missionaries in a foreign field  For some reason I can't explain  I know Saint Peter won't call my name  Never an honest word  But that was when I ruled the world  Oh, oh, oh, oh, oh  I hear Jerusalem bells are ringing  Roman Calvary choirs are singing  Be my mirror, my sword and shield  My missionaries in a foreign field  For some reason I can't explain  I know Saint Peter won't call my name  Never an honest word  But that was when I ruled the world"
@user-rt1nv1uq2y,쌉레전드  이 노래 진짜 좋음  알고리즘 앙 기모띠
@user-dg3wn3ee2i,다음에는 avicii-broken arrow 해주세요  가사가 너무 좋을 것 겉은데...
@sin10babo10,로마의 기병 함성이라..웅장 해지는구만 나도 한번 호령 해보고 싶다..이래서 악마에게 영혼을 파나 봅니다.한번 뿐이지만 다시는 오지 못할 영광
@user-pi1df8vs8t,진짜 갓띵곡
@eldsf8170,3분에 시작되는 오오오오~ 너무 좋음
@minseonglee9494,"03:33 ㄲㅂ.. 내가 먼저 설명할려 그랬더니... 댓글에 벌써 있네...  그런 의미에서  설명충 타.임 성 베드로란? 란 예수님의 첫번째 제자? 입니다 외국에서는 는 St. Peter 라고 알려저 있죠. 하지만 그의 본명은 simon 원래는 Galilee 라는 지역에 낚시 꾼 이였지만 어느날 낚시 배를 타고 일을하다가 예수님을 만나자 예수님이 자기 말대로 하면 물고기를 잡을 꺼라면서(이건 잘모름 ㅈㅅ) 성 베드로가 예수님이 말씀하신데에 물고기 통? 망 을 놓자 물고기가 ㅈㄴ 잡히고 예수님인걸 알아 챕니다. 성 베드로는 예수님의 12번째? 제자중 하나이며 예수님에 정체?의 대한 정확한 설명을 한것도 성 베드로 입니다 그는 예수님을 ""Messiah, the son of the living, God."" 이라고 설명 했죠. 그는 예수님의 추종자에 왕자 ""Prince of the Apostles"" 이라고도 불리죠. 예수님께서 천국으로 가시기 전에 성 베드로 한테 "" 너가 지구에서 용서하는 모든 것들은 천국에서도 용서 될 것 이다."" 라는 말과 함께 천국의 열쇠? 를 건네주조 그리고 성 베드로는 넬로? 로마 Nero 국왕 시절  64 CE 에 처형 당합니다.  성 베드로는 성베드로는 로마의BASILLICA 라는 곳에 묻혔습니다오타는 고치기 귀찮으니 알아서 참고 읽도록."
@big_nose_is_my_life,"실례만 되지 않는다면 가사와 번역문을 더보기에도 올려주셨음 해요ㅜㅜ 노래 부를 때 더 편해지거든요   앟 실례라면,,, 입 다물겠읍니다,,,"
@user-hg5xl2ux6u,가슴이 웅장해진다...
@user-ju7rw4kb1i,노래가 정말 좋군요..^^~~
@user-yx6uc1es1r,“ 역사는 승리한 자들의 작품이니까 “
@user-tn7pp1nj8k,ㅋㅋㅋㅋㅋ이건 북이 래전드임 무대영상 보면 북치는 사람이 노래 끝날때 까지 북 존나 침 ㅋㅌㅌㅌㅌㅋㅋ
@123Eoi,영어 선생님이 틀어주셨던 노래죠...이 노래를 들으니 마스크 안 쓰던 시절이 생각나는군요 곧 2021년이 되는데 다들 좋은 하루 보내세요! -Have a Nice days
@buttercup131,배경 진짜 잘뽑은거같다
@asdf-np1ye,"I used to rule the world Seas would rise when I gave the word Now in the morning, I sleep alone Sweep the streets I used to own I used to roll the dice Feel the fear in my enemy's eyes Listen as the crowd would sing Now the old king is dead! Long live the king! One minute I held the key Next the walls were closed on me And I discovered that my castles stand Upon pillars of salt and pillars of sand I hear Jerusalem bells are ringing Roman Cavalry choirs are singing Be my mirror, my sword and shield My missionaries in a foreign field For some reason I can't explain Once you go there was never, never a honest word And that was when I ruled the world It was a wicked and wild wind Blew down the doors to let me in Shattered windows and the sound of drums People couldn't believe what I'd become Revolutionaries wait For my head on a silver plate Just a puppet on a lonely string Oh, who would ever want to be king? I hear Jerusalem bells are ringing Roman Calvary choirs are singing Be my mirror, my sword and shield My missionaries in a foreign field For some reason I can't explain I know Saint Peter won't call my name Never an honest word But that was when I ruled the world Oh, oh, oh, oh, oh I hear Jerusalem bells are ringing Roman Calvary choirs are singing Be my mirror, my sword and shield My missionaries in a foreign field For some reason I can't explain I know Saint Peter won't call my name Never an honest word But that was when I ruled the world"
@considerably_strange_person,황제의 입장에서는 폭동 시민의 입장에서는 혁명    +아니 ㅁㅊ 왜 내 댓글에서 싸우고 난리야
@estelachoi9851,승리한 인간이든... 정의로운 인간이든... 결국 인간은 모두 죽는다. But... 이 노래는 죽지 않을 것이다!!!
@user-li3pb6jm9k,"가사와 멜로디의 조화가 완벽에 가까운 희대의 명곡, 근현대사 통틀어 이보다 완벽한 노래가 있을까?"
@haharrr7018,프랑스 혁명에서 루리16세가 단두대 올라가는 노래. 로만 캐벌리 콰이어는 웅장한 합창이 아닌 단두대에 모인 사람들이 루이 16세를 죽이라고 소리 지르는 것. 로마 기병이 적진을 칼을 휘두루며 향해 돌격하면서 적을 공포에 질리게 하려고 마구 미친듯이 질러대는 괴성. 세인트 피터는 천국의 열쇠를 쥐고 있다는 베드로가 왕권 신수설로 자신의 왕권이 하나님이 주신 것인 줄알 았는 이렇게 죽는 것을 보니 자신은 생명책에 기록되어 있지 않아서 베드로가 천국의 열쇠로 문을 열어 줄것 같지 않다는 절망의 표현. 자기가 왕노를 했을 때 아무도 진실을 말해주지 않았다고. 끝까지 남탓.
@Flalac,이것도 하트를 누를수 있을까!! 눌러보시지!!
@user-rn5id8pq6o,뭔가 ᆢ웅장하고도ᆢ고급진 느낌의노래ᆢ나만그런가 넘나 좋으네
@eunwhakim8273,역시킹갓콜드플래이
@user-hl6jk2cu3g,저 보면 좋아요 좀 알림 뜨면 듣게
@user-ng6nb8uh9b,이 노래 댓에는 다 시인만 있음..? 댓들 상태가 존나 개쩜
@user-sh2dz3ni1x,근데 배경화면 진짜 지린다...
@user-vk8od3ku7n,조회수 1000만 거의 다되셨네 ㄷㄷ
@rkitectiona1798,어디 댓글에서 봤는데 세상을 게임이라고 표현한다면 이 노래는 앤딩곡으로 나올거라고.
@user-cc5jg9yi8q,존나 소름돋는게 대학 추합 전화 받고난뒤에 바로 유튜브에 이 노래 떠서 좀 감동이었음 ㅜㅜ
@user-gc3tr2gk7m,짧은 음악이지만 다양한 사람들의 복잡시런 인생의 맛이 섞인 느낌이네요 참 뭐랄까 형용하기 힘든 무언가가 올라옴
@OoooO03,3:00 캬!
@user-po5yf4xc3c,가사가 ㅈㄴ 멋지다 kpop 연애 사랑 같은 진부하고 오글거리는 가사보다 훨 신선하고 오래 남는다.
@user-tv8op2uz8y,대한민국 가수들이  이제는 철학적이고 문학적으로 가사쓰고 노래 만들었으면 좋겠음 문명이 항상 프론티어적인 서구권을 영영 못 따라잡는게 이런거 아니겠음?
@vhsxmaosiek,이 노래힘을준다...
@soyoungsuede,rhyme :  1:00  key me 1:05  stand sand 1:10  ringing singing 1:20  shield field
@user-yp2lt2bk3u,똥 싸면서 들으니 마치 변기가 왕좌로 느껴지네ㅋㅋ
@user-bw3zq3fm1z,호날두에게 어울리는 노래네
@user-co9io4cn5y,이 가사가 이해되고 공감되니까 슬프네...
@CEHGR,대단하다 어떻게 이런 곡을 만들어내는지
@rhg5150,크리스 마틴은 대체 몇수를 내다본 거지 ㄷㄷ
@user-ze5ju6ub4y,뭔가 글로 표현하기 힘든감동을 느꼈다....
@user-dd4kk1vt9s,왕국이 무너지는 마크 애니메이션보며 놀던 초딩때는 이런 노랜줄 모르고 재밌게 봤었는데 정말 이제 돌아보니 명곡이였다.
@June17ss,쩌네요
@user-hz7ck2mz2w,비긴어게인 보고 온 사람 손!
@user-vl3md5ju3v,"' 나는 곧 죽지만 내 피 이후에 더이상 이 프랑스 땅이 피로 얼룩지지않았으면 합니다. 나는 죽는 이 순간까지 그것을 빌겠습니다 '  루이 16세의 처형식 마지막 연설 -   처형식 직전에 루이 16세 같군요.  그는 프랑스 민중의 적이 아닌, 왕이라는 직책을 가진 민주주의의 적일 뿐이였죠.    그의 입장에서 보는 프랑스 혁명을 노래로 풀어둔것 같습니다."
@user-ke4zi7qv2v,이런노래 참좋음 고전영화나 패러디에 잘써먹던데 잘어울림
@donghwa953,아직도 듣고 있다
@Travel_Park,마인크래프트 생각나네ㅋㅋ
@mazahwaka,호날두밖에 생각이안난다
@user-pp6tt4xs9k,가사 모르고 들으면 좋은 노래..
@user-rj8wf9ss3t,이 영상 가사가 가장 잘 번역된듯 싶네요
@gegenpressing00,가사 내용이라고는 다 거기서 거기인 질질짜는 양산형 K발라드 듣다가 이거 들으면 속이 확 뚫림.
@user-sn1mn2xz8o,가사가 이렇게 지적일수가...
@user-cb9bq5hk8y,고음질이라 매일 반복해 들으며 운전합니당
@user-zd7zd6tm2u,2022 새해 복 많이 받으세요!
@user-sr2pf1kz9e,메테오 듣고 왔습니다
@user-xz2oz8dm5r,파맛수호독제타도 체키통제규탄하라
@user-dk9uy7kz8v,좋고재밋고재밌어요.
@Solomon5544,"Viva La Vida 스페인어로 인생이여 만세라는 뜻입니다 수박들의 단면을 통해 자신의 인생의 고통 스러웠던면을 승화는 해석을 받고있다."
@user-oo4jq5tg6j,팝송 잘 모르는 친구랑 노래방 갔다가 그 친구가 이거 불러달래서 모른다니까 이걸 몰라???????????? 해서 찾아서 듣는중 길가다 들어본 적 있는 듯
@_kr5697,PUT TEA IN 을 위한 노래
@user-mo3xd9tf1b,와 저 지금 온클하는중인데 역사 듣는데 프랑스혁명얘기하다가 쌤이 이노래 말하시면서 이 영상 틀어주셨어요 그래서 달려왔어용ㅋㅋㅋㅋㅋㅋ
@CuteJengho,진짜 노래 ㅈㄴ멋지다...가사도
@user-pp2qf4wh2s,무너진왕국 보고온사람         나밖에 없나
@Green_Hole,박ㄹ혜 생각하며 들으면 묘하다는 소문이
@SteveAnn,원하는 대학 합격 후 꼭 재생하여 듣겠습니다
@user-dc8fs9oh3b,수능 보기 전 아침 경건한 마음으로 이거 들으러 왔다
@user-rj2oe6rk2w,메테오 하고 비슷하다 해서 오신분 저 말고 또 있나요ㅇ???
@oow4343,가사를 이제 알았네.. 웅장한 전성기를 읊는 노래인 줄 알았는데 저문 이의 이야기였다니
@user-ux2ti4mb7s,좋은 노래다....
@user-bj8qc7ze4g,바이올린연주로 이렇게 듣기좋게 시작되는곡은 이곡이 유일할듯..
@user-nc7gt2eh2g,너 창모 메테오 보고왔지?
@rtr1005,러시아군앞에서 틀어야됨ㅋㅋ 푸틴때문에 강제로 이방의 선교사들됨
@user-pz3yh4vg9s,Real! Very good! Endless song!
@wangkangg,가사부터 간지남 ㄹㅇ
@user-yw8kw6lz7n,k리그vs유벤투스 때 서울상암월드컵경기장에서 이노래 계속 들음 간 사람은 알텐데...
@user-ee5bd1iv6t,초딩때 마크버전으로 첨 들었는데 ㅋㅋㅋㅋㅋㅋㅋ
@user-qc7sj3tg3i,지금들어도 명곡이다
@user-qw8mf9hq2h,오랜만이다
@user-sg9ht2dv4e,왕의 하나뿐인 아들이 지하 아주 깊은 곳에 혼자서 손발 묶여있는 늙은이한테 듣는 이야기 같네요
@user-fw5jq9xg8x,나만 이거 마인크래프트 때문에 알았음??
@B1nu0119,인생 노래
@user-fe9qp7ku5x,현재의 나에게 위로가 되는 노래
@user-vx4dr6ob9s,말이 안되는게 퇴물이란 단어를 왜 쓰는거임?  한 인생의 전성기가 있었던 사람들은 다 퇴물이 아님. 만약 그렇게 따지면 전성기가 없었던 사람들은 태어날때부터가 퇴물이지 ㅇㅇ 전성기는 딱 1번 뿐이 아님 그러니까 한 전성기가 지났다고 퇴물이라 하는건 좀 아니듯 ㅇㅇ
@user-vo8jm4wl5u,이 노래 월드컵기간때 들으면 더 좋음 ㅋㅋ
@notaddicted7508,1000만뷰 가보자고
@user-ml2zo1fx1y,성공한 자에게는 그만한 왕좌의 무게가 기다린다는 것  성공을 열망하는 자에게는 동기를  주는   노래인 것 같습니다
@joonhong73,"가사에 라임이 이렇게 중요하다. 후렴구는 물론이고,  world,word/ alone,own/ dice,eyes/ sing,king/ key,me/ stand,sand 괜히 심오해 보이는 가사지만 몇번만 불러봐도 쏙쏙 외워지네"
@sahsjkdl07,콘서트 또가고싶다
@user-rb7gg9mk9r,마음이 웅장해집니다^^
@to_shine_brightly,비에고 최애곡
@user-pb6of7dj7c,1:39나는 이부분이 제일 좋더라
@Lokin_tv,ㅠㅠ 옛날생각나서 슬픔..
@user-ri6fr2jj9t,아 전주곡 브금 많이들어본거였는데 이노래였군요 ㅋㅋㅋ
@user-si7bh4by9f,24년도 5월입니다. 다시 모여서 이 노래를 부릅시다.
@user-bj1do9yl5x,"이 노래를 드디어 찾았다,. 축하해 주세요"
@kkkhandy,노래 조아여
@user-nt1fv5es8o,"아, 어저께인가? 티비에서 이 노래가 흘러나오는데 너무 좋아서 제목 보고  유튜브 좋아요에 추가 시킬려고, 방에서 나왔는데 제목이 화면에 안 나와서 그때 되게 아쉬워했는데, 오늘 유튜브 스크롤을 하던 중 이었는데, 이 음악이 떠서 지금 매우 신기하여 놀라고 있습니다."
@celly3868,떼창했을 때 가장 웅장한 노래
@user-pm8gs6og2z,한편의 영화였다..
@user-qj2lb9fz9r,아주 좋소
@user-cu5rj4sj1d,가슴이 웅장해진다
@user-xz4ip9cy2c,와...처음부터 끝까지 클라이막스인건 처음이다ㄷㄷㄷㄷㄷ
@user-rd1bz5ls6b,새해 첫날에 이걸 들었어야 됐는데
@user-to2if8sm8g,인생이여! 만세!!
@user-fd2lx4dh9c,중학교 가기 전에 본다.
@user-ib7ms1xt3t,It’s my favorite song!!
@user-ks8cr4uc9d,Now so beautiful song l hear You are over the cross
@user-hb9jg3gv1d,와 브라스신스 완전쥑이는노래당!
@user-qh1so9fh3y,ㅓ 방금 보고 온 영상도 감자탕님이였는데..?
@User-IJLJGV,갓띵곡 ㄹㅇ
@user-fl6nk2hg8r,저는 지금 전성기로 달려가는중입니다 그 때가 되면 저는 인생의 황금기를 즐길겁니다 그러기위해 저는 이노래를 들으면서 저의 할일을 합니다
@SPIT0177,"학교나 학원에서 쇼팽, 베토벤의 수 백년전 명곡들을 가르치듯이 저 노래도 먼 미래에서 계속 회자될거같음"
@barrymascot8179,Came here immediately I finished watching Suits ..
@su.ejeong3823,나도 전성기때 저런 느낌이었나??ㅎㅎ 뭔가 자신감 생기고 힘이나는 노래네요~!! 어떤분이 라떼노래ㅎㅎ적으거보고 빵터짐ㅋ
@user-ei9hg3se7o,노래좋아요
@user-wc6qv5oh6j,0:16 Seas would rise when I gave the word 0:24 sweep the streets 1:05 소금모래
@user-ju4sg3gr2e,쩐다
@user-gr7ij9ff6o,이게 객기인지 아닌지 끝까지 가보자고~!화이팅️
@user-co2uc5cm5d,바이올린 소리좋다~~~~
@user-zo3ej1pb2q,노래가 굉장히 웅장하고 화려한데 그래서 더 슬픔
@user-vm3zl4tx5t,댓글을 보면 정의에게 승리를 주는 노래 댓글을 안보면 승리에게 정의를 주는 노래
@user-ko9gj6wr9w,이 노래 오케스트라에서 바이올린으로 쳤었는데! 기억이 새록새록하다
@ailien_PAK,와..... 가사만 봤는데 절대왕정 시기에 모든 걸 가졌던 왕이 된 기분임.. 모든 게 나의 사람들인 거잖아.. 나를 위해 모든 걸 해주는..
@kor_bons,"나의 성이 소금과 모래로 된 기둥이라는 말이 지금까지 무너지기 쉬운 성이라는 의미로 생각하고 있었는데   나중에 생각해보니까 무수히 많은 작은 민중이 하나의 기둥이였었다는걸 무너지고 나서야 알 수 있었다고 생각할 수도 있네.   나의 권력은 단단하고 작은 무수한 입자들이 지탱하고 있었다고, 그걸 무너지고 나서야 알 수 있었다고."
@i9294,"'""○●□·이건 띵띵 명곡입니다·□●○'"""
@halmaize-oz5to,인생이여 만세
@gaoorie9321,올해 첫 노래 입니다. 2021 새해복 많이 받으세요!
@paniovekjang1830,사랑이든 사람이든 인간관계 모든건 1도 가지고 갈게 아니다. 남는건 고독
@coveredby5988,성공하면 혁명이고 실패하면 반란이지
@wargin5272,"이 곡이 걸작임은 이 곡에 대한 감상평들로도 증명된다. 이 노래는 우리가 감상평을 만들어야 할 것 같은 감정을 주기 때문이다. 사람들이 말하는 좋은 노래들은 멜로디가 좋다, 가사가 좋다 이러한 평가를 자주 받는다. 그러나 이 곡에 대한 평가들은 다른 노래들과는 사뭇 다르다. 이 영상의 베스트댓글들을 보면, 마치 인상깊은 책을 한권 읽은 후기를 말하는 것 같다. 이것의 전주를 들으면 ""Fallen Kingdom""이라는 마인크래프트 패러디가 생각나 추억이 살아난다는 사람이 많은 것도 우연이 아닌 것이다. 이 노래는 특정 분위기를 환기시키는 능력이 있다."
@ottugicurry,2010년대로 돌아오신걸 환영합니다
@seanyang5426,this song is ㅈㄴ good
@user-ys8zt9xy3g,Viva La Vida 인생이여 만세
@user-vv4jt8xo6o,자신이 최고에 있을땐 주위에 조언이 그냥 자신을 귀찮게 하는거로만 생각하겠지만 시간이 지나고 힘이없어지면 깨달을것이다 니가 성공할수있었던건 그사람들이 조언을 해줬기에 그자리에 오를수 있었던걸
@Guitar-ix7yg,목소리에 애절함이 달려있는거같애서 감동적임 나만이럼? 아님 내가 이상한건가
@user-cw2fy2nx2g,0:00~1:37 부분이 넘 좋다.................
@OO-cd6vu,동영상 올리신 분 이름 보닌깐 감자탕먹고싶어졌음
@user-kq6zb3zs6s,좋다
@user-hr8fb4do3e,첨봤을때가 600만인데 벌써 천만이네
@jeonghwankim2638,내가 내 세상이라고 느낄때 있음 내가 왕이다 라는 느낌이 나에게 자신감을 불어준거 같음
@6395_,이런 좋은노래를 아직까지 발견 못하고 있던 나는 뭐하고 있었을까..
@nightstarry-3302,배경이 궁금하신 분이 계실까봐 몬트리올에 있는 노트르담 성당임 실제로 봤을때도 멋졌는데 이 노래 배경으로 쓰니까 더 멋져보임..
@abc-hx3rv,역사속으로 사라진 영혼들을 위로하는 노래
@kslee3841,명곡임. Queen 다음 이노래 좋아함
@Jone3203,"승리한 자들의 행진곡인줄 알았는데, 그들에게 죽임을 당하는 자의 장송곡이었군요.  그동안 노래는 많이 들어봤는데, 눈물이난건 이 영상을 보고난 이후였습니다."
@ardenghaezi_,오랜만에 듣네
@user-hr3kq1pp1n,이거 들으면서 아침에 출근하거나 등교하면 뭔가 오늘 하루는 뭐든 잘풀릴거 같음 ㅋㅋㅋㅋ 특히 전주
@junheelee2146,와 진짜 씁쓸하다...
@user-tn5zf2er8w,아직 젊다면 젊은 나이지만 전성기가 없던 나를 왜 희망과웅장함을 주지.. 가사는 과거의 영광을 이야기 하고 있는데.. 마치 내가 그 영광스러운 과거를 회상하는 것처럼
@Swma157,""" 내 고막 선정, 도입부 GOAT """
@K.Y.S.,솔직히 배경 사진이 반은 먹고 들어갔다.. 너무 잘 어울려
@user-th1tk7gc8c,이 노래 제목 한국어로 말하면 뭐에요?? 예를들어 and 앤드 이렇게요
@GUEEN1013,"한때 어느 나라의 왕이었지만, 이제 볼품없이 살아가는 노인이  한 나라의 왕이 될 꿈을 가진 아이에게 불러주는 노래"
@Jay_theMan,"chatGPT : ""Viva la Vida""는 스페인어로 ""살아있는 삶"" 또는 ""살아있는 생명""을 의미합니다.  ""Coldplay""의 ""Viva la Vida""는 여러 해석이 가능한 가사를 가지고 있지만, 일반적으로 이 노래는 권력과 영광을 향한 탐욕의 역설을 다룹니다. 노래의 가사는 프랑스 혁명과 연관이 있어서, 왕과 그의 통치에 대한 이야기를 전합니다. 이 가사는 권력의 변화와 인간 본성에 대한 사색을 담고 있으며, 권력의 무한한 욕망과 그로 인해 오는 결국적인 손실과 고립을 다룹니다. 그러나 노래의 분위기는 다소 희망적이고 우아하며, 헌신과 변화를 통해 삶을 살아가는 용기를 노래합니다. 이 노래는 종종 ""권력의 함정""이라는 주제로 해석되기도 합니다."
@Lucifers_Backflipping-Duck3,This is my birth song I knew lt since
@user-pg7eo7ku8k,와...
@zizon7407,이게 이렇게 오래 된 노래라니..
@user-md9hw2tf7f,ㅘ 이거 초딩때 마크 뮤직비디오로 첨듣고 빠졌었는데 이제보니 가사가 말이안나오네...
@gorgo13,"프리다칼로가 마지막으로 남긴 그림제목이 비바라비다거든, 알다시피 이분은 힘들게 사셧지만, 자신의 인생을 돌아봤을때 그래도 청춘은 아름다웠다고 생각하는거지. 그 그림을 완성하고 일주일뒤 돌아가셨다고함."
@user-dl2xq1jd4m,클라리넷 부른지 꽤 된 학생입니다~오랜만에 들어보며 불어보고 가여~
@user-mo7kx2xg2b,월드컵 할때 들으러 와야지
@subak0987,이 곡 늦게 들었다......몇년 손해봄
@silverchan0203,인간다음으로 다른 존재가 지구를 정복한다면 들려줄노래
@user-qy4tc2cr4b,내 생ㅇ애 처음으로 좋아해본 팝송
@user-fe3ic1oj3o,정상에 오르면 시기와 질투가 따르는법
@Donghae1103,나 오늘 학교에서 들었는데 노래가 너무너무  very very 좋았슴 진짜로
@SteveAnn,“퇴물이라는건 최고였던 순간이 있었다는것”
@user-tf6xg4bv1w,2020 11월 듣는사람 나와라
@user-sg2ty1mx6o,그냥 노래 자체가 나무좋음 가사나 음 하나하나 신경써준게 보임
@minotayo,마인크래프트 왕국 보고 처음 알게 되었는데 노래 진짜 좋네요
@user-pe4hy5sv2z,“무야호”
@user-dp1sw2zc9o,뭔가 되게 울컥하네요. 모든 건 떨어지고 쇠락할 수 밖에 없는데 한 때 모든 이의 사랑을 받았던 존재 역시 이를 피해갈 수 없다는게... 모든 건 변한다는 진리를 받아들여야하겠지만 난 우리애들 옆에 오래오래 있고 싶어요. 낯선 곳으로 떠나는게 아니라 떠돌다 그리운 곳에 정착하는 선교사들처럼ㅜㅜ
@sexycute4595,이노래 중딩때 매일 들었었는데
@user-en3wr5oh4v,저는 이 노래를 들으니까 그냥 역사라고 해도 다 좋은것이 아니라 변형되고 변질되고... 진실과 거짓이 섞여 있다고 생각하니까 역사라고 해도 마냥 좋은것이 아닌 추악한 면이 있을지도 모른다. 라는 생각이 많이 드네요..
@alterenfrontia453,"위대한 왕은 역사에 그 이름이 새겨질 것이며, 위대한 왕국은 영원히 대륙 내에 존재할 것이나, 나의 왕국은 그렇지 않구나.   한때 나의 집이었던 곳은 폐허로 변하였으며, 한때 내가 거닐던 공원은 모두 불타버려 재만 남았구나.  나의 꿈은 이루었도다. 나는 후대의 역사서에 영원히 그 이름이 새겨질 것이니라. 허나 그 끝은 몰락한 왕의 자격일 것이니.  정의롭다 하는 백성들은 나의 터전을 짓밟았다. 허나 그 이유는 그 전에 나의 정의가 그들을 핍박했기 때문이겠지. 한때 위대한 이라 자부하던 나는, 그저 부랑자에 불과하게 되었구나."
@im_madly_in_love_with_you,
@user-br6el1bp3g,아멘
@rabbyejun,여기 댓글들은 전부 현자와 시인들 뿐인것같아 자꾸 댓글보러옴  각자의 느낌과 나름의 해석들이 너무 멋짐
@laniakea618,Good
@user-cw9sh3zt1e,울 학교 초3 바이올린 오케스트라 노랜데ㅠㅠ 추억이다
@kjm5873,어릴때 마크하다가 들어본 노래를 지금에서야 다시 들어보네
@user-zf6bo8lc2v,나만 그런지는 모르겠는데 맨날 가사보러 와야지! 이러고 댓글보고있음
@nosferatu1765,증오의 혁명가
@user-wd1wj6pi8o,전주만 들어도 누구든 한번쯤 들어봤을 듯한 노래
@SP-kg3gr,괴리감이 느껴질때 더 많은게 전해진다는 디지니 크리에이터의 인터뷰가 있었는데 내용은  슬픔을 연출하기 위해서는 슬픈 장면과 슬픈 노래를 같이 쓰는게 아니라  슬픈 장면과 아름다운 노래 또는 아름다운 장면과 슬픈 노래를 조합하는게 전달력이 더 좋다고 하네요  Viva La Vida 역시 멜로디는 웅장하고 희망차지만 가사의 내용은 비참하고 초라하기에 전달력이 배가 되는게 아닌가 싶습니다.
@kimunjeong,호날두 하이라이트에 이 노래 들어간 거 있던데 너무 잘 어울렸음..
@user-zr6tn8jx4c,Viva La Vida는 혁명이다
@isegyeidol,“오킹 이즈 데드” 0:51
@user-qy4bh5nj1b,붉게 핀 꽃은 열흘을 넘길수 없으니 그대 이 세상에 피어나 아름다웠듯 질 때도 미련없어 아름다울수 있기를...
@GongSam1114,찾았다!!!!!!!!!!!!
@user-lw5jv9fw6s,이 세상은 내꺼다 !!!!!
@EX_NA,1000만이다~
@seagull-ut3tf,라떼는 말이야
@user-zm5mp2dr9l,"1,5배 해서 들으면 좋다요"
@JEJUGOLBANG,"🇰🇷🇰🇷🇰🇷🇰🇷🇰🇷🇰🇷    Jeju speakeasy music bar at 귀덕 02.2022 song requested Would the requestor be lucky enough to spot this comment? Finger crossed    제주 귀덕골방에 손님이 신청해주신 음악입니다.  음악은 추억이 아닐까요 누군가에 신청곡으로 첨 듣는 음악을 듣게 되고 어디선가 그음악을 또 듣게 되면 아! 골방에서 들었던 그노래  이런 추억을 다른이에게도 만들어주셨내요  누군가 듣고싶어 신청해주신 이노래를 만들어주신 작사,작곡, 편곡자분들과 불러주신 가수분에게  정말 감사합니다.   제댓글이 많아 불편하셨다면 정말 죄송합니다.  하지만 제 댓글이 많다는건 이노래를 신청해주신 분들이 많다는거에요  그시간에 신청해주신 분이 이댓글을 보신다면 행복해 하실꺼라는걸 알거든요  그래서 신청곡이 들어올때마다 댓글을 남겨드리고 있어요  그시간에 소중한 신청곡 정말 감사합니다.  골방을 하면서 정말 모르고 있던 좋은 음악들을 많이 듣게되어 행복합니다.     22년   02월 19일 7시타임 어느 손님의 신청곡️."
@DARKmortisking,나만 내용보다 도입부가 좋은가;;
@user-zr2yy9kq6g,약간 마지막 부분 울리는듯한 목소리 뭔가 그래도 마지막이니까 왕이였던 대우를 해주는 느낌이다
@user-bs5zr3or1j,이 곡의 주인공 샤를 10세가 모의고사에 나온 기념으로 들으러 왔음
@user-kz6ue5hi2h,포레스텔라 버전도 들어보세요우 ㅠ 벅차오름 걍 눈물좔좔나옴 너무 좋습네다 ㅜㅜ
@user-eo8yc4kp4l,초딩때 현대증권 광고에서 다니엘 헤니랑 이 노래가 나오는데 매치가 너무 멋있게 되서 감명받었던 기억이 나네  able
@gamzania,배경화면 예쁜데 가지고 싶다
@KMJ-ti5wb,와 이 영상 초등학교 때 봤는데........
@user-po5lf4wc2y,혹시 뒷배경 성당은 어느 성당인가요? 알려주시면 감사하겠습니다. 제발요
@yozememak,
@user-sr7fy6ry5u,정상에 올라갔을때가 가장 무의미한것이다  목표가 없으니까
@user-sf3dh2rd2y,해가 저물고 나서야 내것이였엇음을 알았다
@duudusisidid,주변 사람들 모두가 나를 떠나갔다
@Kim_bosig,And I discovered that my castles stand upon pillars of salt and pillars of sand
@user-wq4nn1pq3r,오빠들 멋져요
@user-pk7nk2yv5f,이 영상 어디서 보나요ㅜ
@user-yq7my8ex5l,콜드플레이 노래는 이게 레전드지 ㅋㅋ
@user-ib9kc8sf9r,마치 우리의 인생곡 사람은 누구에게나 전성기가 있고.. 언젠가 죽음의 문턱에 다다르게 되겠지..
@user-rv9ol9pv3f,영국의 왕과 같은 조건으로 왕이 되나니 차라리 숲에서 도끼질을 하는게 낫다 -샤를 10세
@Pineapple_ggay,인류의 역사가 하나의 비디오 게임이라면  엔딩 크레딧에 나올 노래.
@JJJku303,트황상 이거듣고 힘냈으면 ㅜㅜ
@user-yq1fx2by8s,이노래 들으면 정의로운 드라마 주인공이 된듯한 기분.
@user-lp9qv6cy6x,근데 이거 왜 갑자기 뜬거에용?? 최근노랜줄알고 보니까 10년 전이네 (;
@Drunkencm0204,이런 명곡을 어제 라디오로 알았습니다. 죄송합니다
@TRON-9003,"기믹퍼핏, RR, 베어루크티 들고 티어덱 잡으러 갈때 틀고간다."
@oceanandthesea7459,다들 옛날 왕이 죽었다고 해석하는데 저는 왕이 권력을 내려놓고 시골로 가서 밭갈고 사는데 우연히 자신의 정체를 알게 된 사람한테 왜 자기가 권력을 내려놓게 되었는지 설명하는 과정에서 하는 노래 같아요
@user-kx3gf8uu2x,1:09
@chamonix1035,권력은 부패한다. 절대권력은 절대 부패한다.
@user-rn4dr9rc6j,과연 저 왕은 후회를 할까 후련함을 느꼈을까 나도 자유롭고싶다
@user-nu5sn2db2c,세상 살만해
@user-ip1cu4ot1y,youLOVe
@user-zj2xq9fu7b,
@user-ku6pn5bs3g,ㅈㄴ 웅장하네
@user-nx9dc7ge6u,오늘 사우디전 마지막 승부차기 준비할때 나온곡 ㅋㅋㅋㅋㅋ
@NOOB_srtv103B,1:11예루살렘의 종소리가 울리고 로마 기병대의 합창소리가 가들려와
@user-eq7qm2ud8q,선교사들에게 나의 거울과 방패가 되어주오 라는 가사에서 공감이 많이되네요
@namenick797,Viva La Vida
@jwjwhwu2253,이해력이 부족해서 두 번 연속으로 듣다가  밑에 달린 댓글들을 보고 아 ᆢ그렇구나 ㅋㅋ
@lp7xsyw66,난 이노래를 알고나서 과거의나를 반성하고 미래로 나갈길을 찾음과 동시에 나한테 큰 깨달음을 주었다.
@ll-lw8bh,가사 내용이 정말 울고 싶어진다 그냥 엄마품에 안겨 울고 싶다 어떤 할아버지가 전에 왕인것을 숨기고 아이들에게 말해주는 내용이라는데 왠지모르지만 내용과 관련이 없는 것 같지만 그냥 오늘은 펑펑 울고 싶다
@user-mi1iy9wv1n,노래도 노래지만 배경이 잘어울려요
@user-kl6qs4wp1e,Do you hear people sing 듣고 이거 들으니까 온몸에 털이란털은 다 서는 느낌임
@user-ne6sq5yf9g,배경사진 어디인가요
@user-qh4jy2ot2c,세상에는 절대적으로 선한자도 절대적으로 악한자도 없는 법이지요
@user-co9pu2yt6s,오.
@shintaeilbottle1585,자막다르네요...ㅠㅠ
@bockbel9876,노래에 서사가 담겨있다
@arimakanaaa,1:38
@user-fc9bl9jm6f,'라때는 말이야'
@gosarimuchimmarlin332,0:00 전주만 들어도 ㄹㅇ 미칠거같음
@Kimchi_season_leader,아들에게 왕위를 비정상적으로 승계해야했던 기록에없는 고대에서부터 수없이 있어왔고 여러나라에서도 있었던 창업군주들이 떠오르네요 그건 마치 내가 어찌할수없는 비통함을 느끼는 그 왕조의 마지막군주와 같을테니까요
@anggimojji49,몰락한 왕의 죽기 전 마지막 유언같은 느낌이다...
@80.43,0:12
@-SCPSL,ㄴㅇㅅ~~!
@snowsummer1429,"""현대 이전까지의 역사를 요약"""
@pvequalsnrt06,제목은 어디서 많이 들어봤는데 뭔가 궁금해서 눌러봤더니 전주 익숙한 그 노래였네...
@milducyacha_1117,자자 김P님 댓 끝났으니까 여기서 마저 대화하세유~~~
@user-uf2ey8hg5m,하 크킹 하고싶어지는 노래
@user-fk6mz7gq6v,와 내가 역사를 공부하다가 잠깐 쉴겸 노래 들으러 왔더니 노래 배경이 내가 배우고 있는부분이네  상황 진짜 절묘하고 공부 당해버렸자너
@user-dy7uw5dl5g,이 노래룰 들은지 어언 10년 드디어 이 노래의 제목을 알았다
@user-cm6wh4os2m,"이곡만한 떼창이 없다,,,,,,떼창 1위,,,,긋,,,"
@user-ru2by4ik2y,0:15
@user-et8nd7sj4d,신나는 노래인줄 알았지만 과거의 영광을 지나 자신의 시대가 떠나감을 허망히 받아들이는 사람의 이야기
@user-hq1wz2ph3d,2:42 Never an honest word를 보니 배댓 말처럼 승자가 정의가 맞는듯
@user-uw3dy4wj4m,한 편으로는 폭군에게 빌붙어 살던 간신배가 처음이자 마지막으로 자신의 삶의 처음부터 마지막까지 콥씹어 보는 느낌인것 같네요.
@user-ml5ui7bk2p,00:41
@doglikepuppy,알고리즘떠서 이게 뭔 노랜가하고 들어갔는데 초반부 듣고 알겠더라
@user-jq1qj2vb9k,1:49
@chilla7775,"예수님에 대한 노래네..뭔가 이런 가사, 이런 음으로 들으니 뭔가 새로움....좋다..."
@dd3129,아ㅋㅋㅋㅋ전주 듣자마자 3대 개조지고싶어지네
@Ishmael_Lover,"""몰락한 왕의 검"""
@user-ki4fs5vh3i,지금 나폴레옹 공부하는데 가사가 딱 나폴레옹임ㅋㅋㅋㅋㅋㅋㅋ
@user-gj4gl2jn3y,세계사 공부하다가 딱 생각나서 들으러옴..ㅎㅎ
@user-sr7qy1mo3w,떨어지는 낙엽은 가을바람을 원망하지 않는다
@user-hc1xb5qo2w,2년이 지난 지금은 유행을타지 않고있다 한때는 가사처럼 세상을 지배했을정도로는 아니지만 매우 유명했다. 시간은 지났지만 우리의 마음속에는 영원한 명곡이다.
@nswyoon032,이 곡은 락곡인가요??
@user-fi7dg3hj6q,배경 사진은 어디에 있는 성당인지 알려주실 수 있나요?
@1KRED,어떤노래인지...이해가 잘..... 설명해주실분?
@kxx_plus.2831,왜 나는 이 좋은 노래를 결혼식장에서 가장 많이 듣는가.....
@user-ft3qy5es8j,어렸을적.. 마인크래프트 노래 무너진 왕국으로 들었을때도 뭔가 찡한 느낌이 들었어서 인상깊었던 노래였는데 중학생이 된 이후 나는 콜플을 알게되었고 전설을 경험할 수 있게 되었다..
@user-mn2yw1pn6d,몬트리올 성당 멋져ㅜㅜ
@user-fc6zm2pr3g,ㅇㄷ
@theendfreedom6421,스타트 흘러나오는 음이 디제이 쇼그 같은 느낌이네  노래 좋네
@polarbear4433,저..2:29초에 sword가 있는데 자막에는 검이라는 말이없어서 오타이신지...아니면 저가 뜻을 잘못 이해한건지 모르겠네요
@kkkr9757,바르셀로나 2010년대 티키타카의 정점과 함께한 노래.
@user-do3gr7rt9g,이 노래 들을때마다 중세판타지시대 성기사로 빙의해서 왕에게 총애를 받고 몬스터 잡으러 떠나는 열정에 가득한 용사들이 생각난닼ㅋㅋ
@pure451,중2때는 수학 난이도가 어려워서 100점 못 맞을줄 알았다. 근데 중3때 100점 맞았지 그때 분기점으로 찬란했던 내 성적.. 하지만 고등학교 올라와서 심리적 충격으로 공부를 놓았지 그립다 내 전성ㄱ...
@user-vu3uf4cz9d,"드디어 제목 뭔지 찾았네~ 맨날 ""어? 이곡 많이 들어봤는데...""만 하다가ㅋ"
@user-gc2wi6yv9l,"우리나라에 내한공연 한번 더 와주심 안될까요.... 응원봉 직접 만들어서 흔들면서 같이 따라부를게요 제발 ...""이것이 바로 흥이다""를 알려드릴게요"
@readerleading6474,태양계 밖으로 외계인들과 조우하면 들려주고픈 노래
@souzo,하늘을 향해 검을 치켜들었던 자가 하늘을 향해 치켜든 검을 기다리네
@KCTseod,성경 신약성서에 소금 기둥과 예루살렘 예수님의 십자형을 받은것을 가사의표현하였네요 노래의 성경 내용을 인용한 이유가 무엇일까요?
@user-rv5mk2kt4z,콜드플레이...역시 레전드...
@user-rs6zd2he3x,가사 번역을 보면 다들 시인이 되는 노래 가사 번역을 안보면 다들 고개 흔드는 노래
@myjju1231,2:46
@hangoverbed1871,아직도전성기는오지않았다나의한계는끝이없기때문이다
@user-gq3mz7uq5p,0:17 2:19 0:44 0:49 1:01
@user-qg8ov8yp1p,1:09
@heejeongkim8619,0:34 1:38
@youtube-offcial,"EBS교육 및 강의, 교양프로그램, 군대 정훈교육영상들의 오프닝 단골 곡, 노래는 좋으나 이 노래가 나오면 항상 졸리거나 시작도전에 지겨워짐 ㅋㅋ"
@angeldamong,1:09
@smashdashdish,진짜 직접 왕이 왕의 시점으로 쓴 노래같다
@PhilipWalterFoden0047,옛날엔 이해가 잘 안됬던 곡인데 중학교 2학년 역사에서 로마부분을 배우니깐 무슨 뜻인지 다 알겠다
@Ijssjshj,1:10
@islandnew4403,나때는 말이야를 들어도 기분이 안나쁜노래
@user-pv5tt3vd3d,인류의 엔딩 크레딧 노래
@ggarlic3980,캬 이 말할수 없는 중세 말기 감성이 있음
@user-si3kj7bd6c,나도 전성기를 지나보고싶다 퇴물이란 단어는 딱 봐도 부정적인 느낌이든다 이왕이면. 부정적으로 보기보단 삶의 여정의 한 과정으로 보자!!
@trippy_b,Here after the Korean girl singing this!
@GoYangYeeBarNaemSae,1:51
@chungreacho7396,Hongkong univ hospital is so hungry for our good kids hug them with so many handful candy and morning cookie          Elmo heart is always with u
@user-gj3wt3xj9s,감자..탕 아는사람은아는구나…
@Leenuuuu,뒤에 떼창부분 공연에서 다같이 하면 ㄹㅇ 승천할 듯
@user-kh8od5pg6z,이 11월혁명 당시 샤를10세는 파리시민들에 의해 몰아내지고 루이 필리프가 새로운 왕으로 추대되었습니다. 그래서 이노래는 샤를10세의 입장에서 볼 수가 있죠
@user-hg4jh6ne1p,2:22
@user-ug7jz4js1x,역사 시험범위에 르네상스랑 십자군전쟁 끼여있는데 되게 반갑다.. 예루살렘.. 성 베드로 대성당... ㅋㅋ..반갑..반..반갑다..그래..
@user-iy6mg1wc5d,0:01
@user-lq2ho7nr7g,11월1일 입대합니다 5주후에 viva la vida 다시 듣는다... ㅅㅂ
@kwl6796,이건 언제나 듣을때 찬송가 갔음 ㅋㅋ
@user-wi7ny9iv5x,배경 어디인가요?
@user-ej8yv4fm8y,1:50
@seonmin32,푸틴이 전쟁 지는날 다시 들으러 온다
@user-hh2eb3ec3l,썸네일 어디서 구한건가용??
@user-bc7cy7iv3o,입원해서 들으니까 새롭네 ㅋㅋㅋㅋㅋㅋㅋ
@justdoitmoveit,"가사가 이런데, 지역축제 광고 브금으로 자주 깔림ㅋㅋㅋㅋ"
@w._.b5,1:38
@kdh9252,샤를2세의 전성기 회고록 지금은 무너진 자신을 담긴곡
@user-fc8dx5sj6w,우린 아~~~~~아~아 비바라비다 우린 비바라비다
@youngpark9963,ㅅㅂ이게 어떻게 13년전 노래냐고ㅋㅋㅋㅋㅋㅋㅋㅋㅋㅋㅋ어이가 없어서 웃음이 다 나오네ㅋㅋㅋㅋ진짜 대박이다....
@Corcer_paint.33,2:19 2:19 2:19
@user-yj5js2zg8r,무슨 사진인가요
@qiwjauuwu,0:57
@Scratch_glck,2:40
@fufjkg9774,성악 특유의 느낌이랑 현대 팝을 황금비로 섞은 느낌? 암튼 노래 개좋다
@aset7976,프랑스 혁명 생각나네요
@user-lt9st3bv2w,1:59
@professionalappreciator,와 배경이 캐나다 몬트리올 노트르담 대성당이네요. 보고 클릭하지 않을 수 없었음.
@MURDER_SHERIFF,내처음이자 마지막 팝송..
@qncjs,03:00
@Hari_ptofu,크르으응 이거지
@user-ls8lr7ko1g,인류사에 유일한 레이가 있었으니 그가 이겼다!
@user-gd6we1uq1f,님들 이 노래 해가 뜰듯 말듯한 쌔파란 하늘 새벽 때 들으면 개오짐
@52whalian72,근데 ㄹㅇ 비바라비다는 콘서트 버전이 쩌는 듯 드럼이랑 떼창 덕분에 노래가 더 풍성해진다랄까
@user-eu8vi8qy1y,이게 태버 비바라비다랑 관련있는건가요?
@SPICLE,저작권허가어케받았나요?
@sjy3267,"""혁명과 바게트의 나라 프랑스"""
@user-ru8ik3gv3x,"언젠가는 모두가 퇴물이 되어가는것 단지, 착각하고 살아갈 뿐..설마 내가"
@phresh815,노래가사 첨 알았는데 지리네 ㅋㅋ 분명 작사가 가족이 기독교 배경일거고 어릴때 착실하게 신앙생활 하다가 청소년기에 지대로 술담배 선이 아니라 마약 정도 건드려보고 나서 다시 회심했다가 신앙이 온전치 않아 다시 방황하다가 방황이 끝날때쯤 나오는 가사 인듯 ㅋㅋㅋ 가사 하나로 지려주네 거기다 음까지 멜랑꼴리하게 감성충만
@user-vl3qo6cj5c,굳이 몰락이라는 단어보다 역사를 쓰고 자리에서 내려왔다고 표현하고 싶어요
@user-lc4gd6it4o,1:48
@user-cz6mr5me3m,내겐 여전히 전성기가 오지 않음. 게으름뱅이 멍청이 멘탈약한놈 여전히 내가 왜 태어났는지 잘 모르겠음.
@user-mx1jd6sc3t,ㅠㅠㅠ
@greedu3996,1:25
@user-wn7dq1bu7c,"""The die is cast"""
@Scratch_glck,2:09
@user-js1qy6vm7s,2:06
@ij-df9uq,이 노래를 들으니 저의 전생이 기억났습니다
@user-er6jk9tl6s,이 노래에서 헤어나오지 못하는중...
@user-hb9jg3gv1d,가사가 그렇게 중요해요? 넌 너무 근사해!^^♡ 근사가 뭐에요?
@user-fc7ul1kd7c,1:24
@uyangaenkhjargal1137,1:09
@user-fc7ul1kd7c,2:20
@user-mf5ul3mc6x,2021년 5월입니다 전 여기에 아무도 알아봐주지않는 헛짓거리지만 매월마다 출첵 박겠습니다  2021년 6월이네요 곧 여름이니까 몸 관리 잘하세요!
@user-pp8tu9wo8b,ผมแค่รักเธอสิริวัณณวรีนารีรัตน์ จริงๆครับตลอดชีวิต และ ผมพร้อมตายจริงๆ ตายเร็วผมก็สบายเร็วยิ่งดียิ่งเจ็บปวด ตายเร็วก็สบาย แล้วแต่ ฟ้าดินจะตัดสินหลังจากตาย ผมยืนยันผมไม่เสียใจ ที่ผมรักเธอสิริวัณณวรีนารีรัตน์ จนวันตาย ผมรักเธอจริงไปครับ
@user-ml2ux5nn6h,ㄹㅇ 이노래 놀이동산온거 같은 기분좋은 벅찬기분임 나만 그러나..?
@user-vi3qz6lf3c,비에고가 부르면 뭔가 어울릴것같아..
@AgoingChannel,십바바발라 빌라 라고 쳤는데 나오네ㅋㅋ
@jihun4327,1:09
@Multiply94,하나 tmi 인뎅 가사에서 I know Saint Peter won't call my name 에서 Saint Peter은 예수님의 제자인 베드로로 천국의 문 앞에서 천국에 갈수있는 사람들의 이름를 불러줍니다. 그래서 가사에서 이름을 안불러주고 자기는 천국에 갈수없다는 뜻이지요.
@silly-dark,노래 진짜 좋다... 2020 11 28 오전 1시 54분 (아마도?)
@hamzzi9502,숨어사는 승하한 왕이 백성들에게 들려주는 얘기같다.
@fertante,승빈감자~
@user-mg7ho6nt1l,이거 완전 많이 들어본 노랜데 이게 콜드 플레이 노래였어?????
@GOA_HUNTER,이거 마인크래프트로 영상만든게 명작이었는데 ㅋㅋㅋㅋㅋ
@myungheekim6531,","
@user-ps3ig2mb8f,이거 들을때마다 리듬타는건 나만그럼...?
@user-ps3ig2mb8f,이거 들을때마다 리듬타는건 나만그럼...?
@user-tp1tm4el8f,0:12
@user-fc7ul1kd7c,1:09
@user-bi6ss2qf6r,진짜 영국은 밴드그룹이 레전드긴 함...
@user-zo8vg6bz1j,어디서 봤는데 인간의 역사가 영화일 때 엔딩크레딧 음악이 바로 이 음악이라고
@yechan0810,판판판판 판판 판판 판
@youngheechoi4,Cold soon start
@user-ib3pu6zb5g,0:13
@user-mi3bl5ls1j,사진 어디서 났나요 ㅠㅠ 출처점
@user-vq1uq4fc3x,주사위는 던져졌다!!!
@uyangaenkhjargal1137,0:12
@user-tn8xq7bn3u,"""나 개쩔었다"""
@gift9634,내가 젊은날 휘젓고다니던 로데오거리 지금가면 물흐린다고 입장도안될걸ㅋㅋ 내화려했던 전성기여~~
@user-mq1ww2qo6y,자격증시험 합격하게 해주세요
@user-xi5wh3zz5b,캐롤인줄 썸네일에 나와있는 가사 끼워맟춰서 부르면서들어옴
@Smokepeoples,viva la vida  듣고 (Do You Hear The People Sing) 들으시면 17세기 기분을 느낄 수 있습니다
@inseongdo2296,이 노래만 들으면 이상하게 리오넬메시가 생각난단말야
@delight3464,와 배뎡 ㄷㅂ
@TedKang.Ashton,
@chanyoo7670,I used to play game.....
@user-em4ev8bm1h,앙기모띠
@shintaeilbottle1585,"""세상을지배했엇네"""
@glows-pe5uh,아 ㅅㅂ 드디어 찾았네 2주동안 찾아다녔다...
@mineokim,가사 수준 엄청남
@user-eu8ht4zo8q,3:00 누가 이 소리 몰락한 왕의 울부짖는 소리와 새 왕에 환호하는 백성들 같다고 한거 봤는데 ㄹㅇ 소름돋았음
@samuellee8106,뭔가 예전에 영광이 느껴진다
@kjhy9979,성배드로는 천국의 열쇠를 가진 성인으로 알려져있어서 가사 중에 베드로가 내 이름을 부르지 않을 걸 안 다는 뜻은 내가 천국에 못 갈걸 알고있다는 뜻
@jslim8020,이곡을 들으면 감정이 고조되고 피가 끓어 내가 전장에 나가 죽음을 두려워 않고 용감히 싸울 수 있을 것 같은 느낌이다. 실제로 전장의 북소리가 두려움을 잊고 피를 끓게 한다더니  딱 이노래가 그럼.
@JAE-YoungC,이거 최고 옥타브 몇임?
@powerful_hyhl,찾았다 정글의법칙 그노래
@user-mt1mk1ee1c,0:40 ~ 1:36
@user-ly7mp3gr2j,0:11 1:47
@hun7078,뭔가 인류가 살아온 역사를 요약한 노래를 선택하라고 하면 이 노래를 선택하고 싶다
@armyis95,내가 살아온 27년중 젤 전성기였던 순간은 바로 중2때였다. 첫사랑도 겪고 여러 똑쟁이 남자들에게 모르는 시험문제를 물어볼수도있었고 남녀없이 남아공하는 애들끼리  모여 미리 예상 셤문제 프린터를 해서 풀어보는 스터디그룹도 재밌었다 왜냐면 스터디그룹에서 열정으로 공부해서 등급이오르면 축하한다는 말과함께 초코바를 얻을수있었기때문이다. ( 그립다 ㅠㅠㅠ)
@user-ub5rn9sf6o,생명공부하고 있는데 이노래 들으니 노벨생리의학상을 받은 기분이다...
@user-wi7et9nn4n,항상 라이브 영상만 보다 이거 들으니까 적응이 안됨
@user-es7xb3uz5h,이 사진  어디 성당인가요?
@user-lj3fw1gq2p,다 외웠다 노래방에서 해봐야지
@user-cm2yt8yq5b,1:10
@daytime97,viva la vida 가 무슨 뜻인가 했더니..live yourself  가로 번역해주네요..자신의 삶을 살아라
@user-ft2jz8lh6j,오바마의 거짓말은
@user-lu8zc4kd7i,# 1:49
@user-oq1gg4ji5d,배경 어디임? 성당 같은데
@user-be4yv3hs2r,3:00
@user-qd6fm6xl2q,뭔가 지구멸망 5분전에 듣기좋은 노래다
@user-nn7wo6lh5r,가사내용좀 알려주실분 ㅜ
@_REBORN_OF_GANG_GAM_CHAN,"VIVA LA SOKA  SOKA LA VIDA"
@nacherleben_,1:10
@user-rp2gl1cv9x,???:이젠 아니야
@user-dx2oq4gb2r,킹고리즘 왜뜸??
@Thateasybob,출책  2020/11/30
@beomjunkim310,기승전결이 완벽함
@kal2059,사랑타령 안해서 그게 제일 좋다
@user-gj5gl1fq9t,나는 황제였고 세계를 소유했었다 - 나폴레옹 보나파르트
@justgetintothisflow7767,이거 플로에서 보면 프랑스혁명 그림인데 첼로 소리 좋네 후반부  좋네 어떤이유 부터 좋네 01:24
@n_newbie,이노래 들으면서 시작 바이올린 소리 따라서 켜본분
@user-fl9ct2wt6w,근데 여기 어디성당인지 아시는분 있나요?
@user-kq3xw2sr7m,"말을 아끼겠습니다 이 노래를 듣고 굴곡 많고 그럼에도 화려했던 제 고교 시절이 파노라마처럼 지나간 뒤 침대에 누워 의미 없는 고뇌에 빠진 저를 발견할 수 있었습니다 전 사실 과거 속에 살고 싶었던 거고, 지금도 그러고 싶습니다 이 이상은 군더더기가 되니…"
@SAM-gm3ov,"""나의 거울과 검과 방패가 되어주게"" 인데 가사에는 검(sword) 해석이 되지 않은것 같아요ㅎㅎ"
@user-gg3jn5tv5z,is it napoleon??
@user-kr6pu8ry5m,"한때는 내가 왕이였지, 그때는 내 곁에 진실이라곤 하나도없고 아첨하고 정치적인 속임수에 불과했어 난 내가 세상을 지배한다고생각했지만 그건 착각이였어, 난 아슬아슬한 권력위에 있었고 결국 무너지고 주변에는 내 목숨을 노리는사람이였을뿐. 다 부질없어. 허무하다는 생각이듭니다. 자신의 욕구가 충족되고있다고 믿었는데 사실은 그저 놀잇감에 불과했었다는게 무기력하네요"
@nanttuk_1113,성공해서 다 무릎 꿇린다
@user-cr5cs4jt8i,처음에 바이올린인가요?
@ssp8210,비에고를 간지나게 표현했네
@user-dh5xw4vb3e,갑자기 부루마블 할때 서울 바로 샀다가 반액대매출로 서울 버린 기억남...(주륵)
@user-te8zj3vi5y,이 노래가 좋아요가 4만 밖에 안된다고?
@hannanna1004,아 이 전주가 이 노래였어....? 잔나비가 부르는거 듣고 어쩐지 익숙하다 싶었는데 그 노래가 이거였구나.... 노래만 알고 제목은 몰랐음 원곡도 좋다 가사 뜻도 깊네
@user-zg5qn6is1k,비에고 스토리 요약
@__-ks8jx,이건 모두 내가 한타를 지배할 때 이야기라네~
@user-ju6lc3ci3e,종소리가 들려온다는 부분에서 희미하게 교회 종소리가 들리는 게 너무 좋음..
@rieskg5599,잼민이때 마크 노래로 외워져서 도저히 저 가사대로 못부르겠다 아오ㅠ
@might3690,영상 속 성당은 어디에 있는 성당일까요??
@user-ww8xx1in2q,"진짜 허구한 날 주구장창 사랑, 멜로 노래만 불러대는 우리나라랑은 진짜 뭔가 급이 다름(가수들 욕하는게 아니라 전체적인 노래 장르가 너무 굳어있음) 물론 외국도 사랑노래가 대부분이지만 중간중간 이런 노래들이 질을 끌어 올리는 것 같음"
@user-fz3zq6zu6s,머리와 성대가 싸우고있다..
@user-vh6zn9ux3p,???:  승빈감자 승빈승빈감자
@xaoxaoxaoxao,나이서른살먹고 들으면서 울부짖었다
@dtddtd1999,간주부분에 로마 군악소리같다...
@user-kd7jc1ic4k,비에고가 즐겨 듣는곡
@user-vw7ud9zf9i,퇴물이 아닌 '레전드'
@theend_9456,3:33
@user-lq7jw5ok5c,비바라비다가 무슨 뜻?
@user-mw5zr3tp3i,근데 폭정군주나 교황이나 그들의 입장에서 자신의 몰락을 생각 하는게 진짜 신박하네
@user-vw7ud9zf9i,퇴물이 아닌 '레전드'
@user-ib4cc9dx6q,이거 내 영어캠프 기상 알람 소린데 ㄹㅇ 노이로제 올거 가틈
@user-pu4kp7vw7v,외동이었는데 동생태어났을때
@user-bi9yk7ig4d,1000만 주회수론 부족한 노래
@love-sm9iq,울 마미가 좋아한다는 그노래......
@user-fm5uu2zk6q,몰락한 왕의 검 너프!
@airportkimpo9674,나 베드로(
@user-yp2gr8qu7j,이거 들으면 이제 강철부대 생각나서 슬퍼지려고 함 ㅠㅠ
@TaeMin98,사랑해 많이 사랑한다고      ️      ️
@user-rc2wc1rq2r,진실함 없는 존재에게 진정한 능력이란 나오지 않는다. 정직한 영이 있는 자에게 성령이 함께 하시기 때문이다. 성령이 떠나면 아무것도 남지 않는다.
@user-yk2ip8sd7b,어디서 들어봤지 익숙한데
@user-we9by7no9d,한편의 고전을 읽은느낌
@Kmusicclass,0:10
@user-sb7mn6nx2j,0:44 0:44 0:44 0:44 0:44 0:44 0:44 0:44 0:44 0:44 0:44 0:44 0:44
@user-of5px8nu5u,이게 그 중국 체육대회 테마곡에게 배껴진 불쌍한 곡인가요
@user-dk9hp9he9m,이어폰에 이노래들으면서 아버지의 격언을 들었는데 들으면서 아버지가아닌 한때 왕이였던 사람이 얘기하는거같았음
@user-mo6rd5fy1l,"""퇴물은 전성기를 알리는 단어 이다"""
@user-eb8bp8dl1g,승빈감자 승빈빈감자 승빈감자 승빈빈감자
@user-le1zo8td7o,부엉이 우는 소리 들리고
@user-ex1tq9md7y,배경화면은 어디임?
@user-le2fy6xm6s,"???:정의는 이긴다고? 그야 당연하지! 승자만이, 정의다!"
@user-vb2cw6me8m,72:41:00
@dudbdidbdnd9588,메시 vs 음바페 대결 주제곡인거같음 메시는 가사와 달랐지만
@frankoceanarchive,이게 12년전 노래였다고? 지금나왔어도 빌보드씹어먹었겠는데 ㅋㅋ
@user-sz5px9sb9z,1:07 개나주삼 개나주삼
@user-vo1uq2te3s,댓글이 너무 좋아서 알부로 지니뮤직 말고 여기로 옴...
@user-te8zj3vi5y,내가들어본노래중 top5안임
@user-vb5ky7nl6p,루이16세가 이건 나의 노래임 할것 같아   ᆢ
@user-ff6qh8qg5i,Vincent
@user-zi3mx2ff4j,황혼 또는 여명
@dongjunlee7246,혁명을 당한 왕의 관점에서 부르는 노래라 경영 관련한 데에서 브금으로 나오면 개뜬금하는 곡
@user-xh3jl1nc1v,가사는 공감하진 않지만 곡은 좋아요.
@SBSC3136,이 노래를 들어보니까 옛날 맨유 느낌도 나는듯..
@user-fg7me4ff9s,뭔가 옛날 디즈니가 생각나고 추억돋는데
@Cold_Poor,비에고가 부릅니다 viva la vida
@user-hn4pu9my6i,와 가사몰랐을땐 그냥 댄스인줄 알았는데 이런 심오한 가사였을 줄이야
@changwoo6301,"이 노래를 들으면 2008년 베이징올림픽이 생각난다. 마이클 펠프스, 우사인 볼트, 박태환을 보면서 나는 위대한 정기를 느꼈지.   위대해질 것이다"
@swyang5437,이런노래가 다시 나올까????
@user-eu5jj5ux5s,삼국지가 생각나는건 나뿐인가
@user-uc4ou2tq7g,어 이노래는 그 유명한 세계여행 방송에서 많이들은
@user-yw8ug6lu9b,와 난마크로 봤는데 완전 다르네...
@user-nt2lb1xu8c,이 노래를 틀어두고 샤를 10세 당시 다큐를 보니 순간 시대를 역행했습니다 해보세요
@DDINGGOK0110,노래만 들으니깐 종치시는 대머리 아저씨 보고싶다
@user-dj9me3ib7s,초등아이가 발표회때 부른다기에 무슨 내용이야? 왕이 싸우는 이야기라길래 무슨 초등생들이 그런 노래를 불러? 하며 들어와서 들으며 가사 확인 중.
@user-dasbki,이런 대작을 부른 밴드랑 콜라보한 방탄도 대단하다
@sseexx453,12젼전 노래 실화냐?
@user-mg1ny8py8v,비 봐라 비다
@cq7219,이 노래를 들은 내 감정을 말로 설명 할 수 없다 그저 콜드플레이 하다.
@ghddpgks,멜로디보다 가사가 더 좋은거 같에
@user-ro5nf1cv9s,"I used to rule the world  Seas would rise when I gave the word  Now in the morning, I sleep alone  Sweep the streets I used to own  I used to roll the dice  Feel the fear in my enemy's eyes  Listen as the crowd would sing  Now the old king is dead! Long live the king!  One minute I held the key  Next the walls were closed on me  And I discovered that my castles stand  Upon pillars of salt and pillars of sand  I hear Jerusalem bells are ringing  Roman Cavalry choirs are singing  Be my mirror, my sword and shield  My missionaries in a foreign field  For some reason I can't explain  Once you go there was never, never a honest word  And that was when I ruled the world  It was a wicked and wild wind  Blew down the doors to let me in  Shattered windows and the sound of drums  People couldn't believe what I'd become  Revolutionaries wait  For my head on a silver plate  Just a puppet on a lonely string  Oh, who would ever want to be king?  I hear Jerusalem bells are ringing  Roman Calvary choirs are singing  Be my mirror, my sword and shield  My missionaries in a foreign field  For some reason I can't explain  I know Saint Peter won't call my name  Never an honest word  But that was when I ruled the world  Oh, oh, oh, oh, oh  I hear Jerusalem bells are ringing  Roman Calvary choirs are singing  Be my mirror, my sword and shield  My missionaries in a foreign field  For some reason I can't explain  I know Saint Peter won't call my name  Never an honest word  But that was when I ruled the world"
@user-dt2jh5xc3r,대중 가요로서 비로소 마스터피스라 말할 수 있는 곡
@user-ye5kt7nf1f,0:00
@user-nf6dc3nc2f,순수문학같은 노래
@dskim3763,여기 성당이 어디인지 아나요?
@user-zt7ul9zv4p,청나라 마지막 황제 푸이의 삶 같은 노래
@w._.b5,저사진 원본이 어디인지 알고 있는분 있나요?
@user-jf8on5zo8q,모두가 알지만 대부분의 사람들이 제목은 모르는 노래
@huj6163,몰락한 왕 : '갈땐 가더라도..... 경쾌한 노래 한 곡 정도는 괜찮잖아?'
@flexitarian,와캬퍄
@enfj391,이거 듣자마자 춤이 머리에서 떠나질않음 ..ㅋㅋㅋㅋㅋ
@user-be6bs7ui3o,노래 자체가 그릇이 존나 큼
@kkkpunch210,"댓 글들을 오지게 읽었더니 나름 결과를 생각했다 장필우 왈 ""졸라 고독하네"" 끝!!"
@user-ee1wp9jm6f,"""당신은 한번이라도 퇴물인적있었는가?"""
@chungreacho7396,Japan Korea China  We are good friendie God alway hug u its ur turn
@inseojeon6267,와 이거 잼민이였을때 마크버전으로 겁나많이 들었었는데ㅋㅋㅋㅋㅋㅋㅋ
@yoon0124,친구가 카톡 프로필에 이노래 했길래 들어옴
@user-oq5kg2ws5b,이 곡에서 은 쟁반 나오는 대목 들을때 성경에서 나오는 세례 요한의 머리가 은 소반에 얹어져 한 나라의 왕녀가 어머니께 바쳤던게 생각나서 더 짠함
@jonghwan4583,나 이노래 처음에 마인크래프트 뮤비보고 알게되었는데
@up8878,페이커 은퇴식때 이 노래 틀어주면 안돼냐 라코...페이커는 라이엇에서 뭐하나 해줄꺼 같은데
@trupetain,이 멜로디를 초딩때 마크 무너진 왕국을 보고 처음 알았지 ㅋㅋㅋ
@user-ub6yh7kz4d,흠 히틀러? 한때 유럽을 다 정복하긴했지...
@lappy4716,샤를10세...?
@user-ql4fx5oe2g,아니 근데 여기는 뭐 댓글들이 몇일전이야 ㅋㅋ
@rkkkkk4255,와 나의성은 소금과 모래로 된 기둥위에 지어졌단걸이 개 소름돋는게 성을 멀리서 보면 잘 지어졌고 저 성에 사는사람들은 잘 살것처럼 보이고 왕은 모든걸 가진것처럼 보일지라도 가까이서 그 성에 대해 알아보면 믿음이라곤 없는 성이란 뜻인거같다 그래서 언제든 무너질 예쁜썽을 소금과 모래로 표현한것이고
@user-gy1vg5pk7b,"非기독교인들을 위한 설명 성 베드로가 내 이름을 부르지 않을거란건 알고있어 베드로는 천국에 가는사람을 호명하는데 이름을 부르지 않을것이란것을 알고있다는것은 지옥에 갈것, 즉 폭군이었다는 뜻인듯"
@ab-qy1xm,뭐야 이거 콜드플레이 곡이었어??
@user-xe5og4es9c,이거 2004년생에 아프리카tv봤던 사람이면 잊을수없음 맨날 bj들이 이거 틀었었는대ㅋㅋ
@user-vl4gb2li4x,크킹할 때 주장자 파벌로 왕위 쫓겨날 때마다 듣는다
@ckdghm,아무도 못알아보는 길거리에서 아우구스투스랑 합석한느낌 ㅋㅋ
@_butitsreversed9870,오오우오ㅜ어어어우오오오우어어오오우오ㅜ어어어우오오오우어어오오우오ㅜ어어어우오오오우어어오오우오ㅜ어어어우오오오우어어오오우오ㅜ어어어우오오오우어어
@kfc2793,노래는 낡으면 퇴물이 되지만 명곡은 낡으면 전설이 된다
@user-em3dn6fj4f,살육과 욕망의 역사에 대한 회고록이네
@user-ff6qh8qg5i,로마 카롤릭
@chapssari-handle,승빈 감자 승빈빈 감자 승빈 감자 승빈빈 감자
@user-lq3su2qi3p,호이4할때 땅 다 뺐기고 괴뢰국된후 이거 틀면 이상한기분듬
@user-gc4kx4vp9r,"공격력 +40 공격 속도 +25% 생명력 흡수 +12%  고유 지속 효과: 기본 공격 적중 시 대상의 현재 체력의 8%(근접일 경우 12%)에 해당하는 추가 물리 피해를 입힙니다. 고유 사용 효과: 적 챔피언에게 100의 마법 피해를 입히고, 대상 이동 속도의 25%를 3초 동안 훔칩니다. (재사용 대기시간 90초)  최소 15의 추가 물리 피해를 입힙니다. 몬스터 및 미니언에게 최대 60의 추가 물리 피해를 입힙니다. 사용자의 생명력 흡수가 입힌 추가 물리 피해에 적용됩니다."
@pizzaria1979,몇일전 찰스 3세 즉위식가 있으면서 화제가된 not my king문구를 보면서 이 노래 생각 많이 나더라.
@youtubeunknown356,이거 내가 드래곤 빌리지 시리즈 할때 들었던 가춰야 노린데 ㅠㅠㅠㅠ 이제는 그저 그립기만 하네요…
@yujeonglim9959,살자와 죽을자를 심판하러 오시니라. 그 이후에 우리 가정 이민간다 빨리
@user-ig7ev3fu5r,크킹할때 틀어야지
@user-zc6bs9je9c,누구는 헤로데나고
@langouste6544,가사 읽다보면 나폴레옹이 떠오름... 급 나폴레옹뽕이 차올라서 이 노래 들으면서 나폴레옹 전기 읽습니다
@kijungbae,루이 16세가 마지막 공개처형 당하기전에 백성들에게 연설하려고 했던 연설문을 바탕으로 가사를 썼다는데 가사가 역사공부한 내용이랑 찰떡이여서 굉장히 놀랍네요
@user-sj7dw3zi6d,?? 리키 마틴 노래 아닌가요??
@jmh8739,이거 들으면 유럽에 영어캠프 간거 생각나서 ㅈㄴ 눈물나옴
@user-oy6uc7ge4y,슬슬 점점 행복이 사라지고있는거같다 이  노래  들으면 돼게 행복했는데 이젠 딱히 하고싶은것도 없고 웃기가 싫다
@pgw_-hc5qq,오늘 가사를 처음 봤는데 이 노래가 담고있는 의미가 뭐죠
@user-lf1fk3fi7r,이 노래 제목 발음이 어떻게돼요 ??
@samgukjilover,뭔가 조선 10대 왕 연산군 떠오른다….가사만 쪼금 바꾸면 딱 연산군 이야기 될 것 같음
@user-hi1wt2bx6t,마인크래프트 무너진왕구 애니메이션 보고 알았는데 ㅋㅋㅋ
@user-Gojong1863,나만 아는 띵곡이였는데..
@aitbal,와 존나 쩐다
@Rerana26,Sjsjsjsj amo ajajan
@ppyha6001,비에고....?
@neungryukjakim42691,'강철부대' 엔딩 곡 그나저나 강철 2 안나오나?
@robthebat7560,해축 생각하면 카타르 월드컵 이후 여론 안좋았던 호날두나 옛날 전성기 바르셀로나 느낌도 남
@dasiy5147,아이브 아이원트 듣자마자 콜드플레이 생각남...
@user-sf7cz9tr9p,이빨빠진 호랑이가 들어야 할 노래
@user-dv7fq4nr9j,빌리버 vs 비바라비다
@kimyoungkyu958,라 마르세예즈와 함께 프랑스 혁명 공부하기 좋은 노래
@sainkim745,이노래덕에 베드로를 미국에서 피터라고 부른다는걸 첨알았음
@JERJEON,이타치가 왜 잊혀지지 않는지 알고있나? 바로 '죽었기'때문이지.
@aaron_an366,왕의일기같네
@user-fq1cr8iz1j,예수님의 이야기를 자신에게 빗댄 어느 나라의  몰락한 왕 이야기이였군요
@user-gs6yj2ht5m,영국은 늙은 사자이지만 한떄는 무서운 사자였다
@illionaire,처음 도입부는 드림하이 느낌 나네
@fromcmk33,전성기 오고 있고 30년뒤 또애들의전성기옴
@bs-fb6vn,피터 알면 끝 아닌가.피터는 안부르겠지만 죄인 부르시는 분 기다리고 계실거임
@user-cg5ec3rd9b,"I used to rule the world  Seas would rise when I gave the word  Now in the morning, I sleep alone  Sweep the streets I used to own  I used to roll the dice  Feel the fear in my enemy's eyes  Listen as the crowd would sing  Now the old king is dead! Long live the king!  One minute I held the key  Next the walls were closed on me  And I discovered that my castles stand  Upon pillars of salt and pillars of sand  I hear Jerusalem bells are ringing  Roman Cavalry choirs are singing  Be my mirror, my sword and shield  My missionaries in a foreign field  For some reason I can't explain  Once you go there was never, never a honest word  And that was when I ruled the world  It was a wicked and wild wind  Blew down the doors to let me in  Shattered windows and the sound of drums  People couldn't believe what I'd become  Revolutionaries wait  For my head on a silver plate  Just a puppet on a lonely string  Oh, who would ever want to be king?  I hear Jerusalem bells are ringing  Roman Calvary choirs are singing  Be my mirror, my sword and shield  My missionaries in a foreign field  For some reason I can't explain  I know Saint Peter won't call my name  Never an honest word  But that was when I ruled the world  Oh, oh, oh, oh, oh  I hear Jerusalem bells are ringing  Roman Calvary choirs are singing  Be my mirror, my sword and shield  My missionaries in a foreign field  For some reason I can't explain  I know Saint Peter won't call my name  Never an honest word  But that was when I ruled the world"
@user-it6jd2pj7r,0:20
@pamr7785,나는 연필이다  내가 지나가는 곳엔 나의 역사와 흔적을 남기기 떄문이다
@Kkkkshv,영어쌤이 들려준 노래
@user-kg5jt9ov5r,근데 여깃 예루살렘이 왜 나오지?
@user-we6ml5ts3e,피터가 구하러 갈 거예요
@user-sn5pk1zg8b,제발 다리우스버프좀
@user-sc8bv3pb1x,"난 왜인지, 주인공이 왕 보다는 최측근 신하일 수도 있다고 생각이 드넴.. 왕은 죽었다고 하고, 새 왕의 즉위에 힘썼지만, 권력싸움에서 져 유배를 온, 그런 느낌?"
@leejunfan40,"이곡은 브루스리, 이소룡님을 위한 노래다"
@user-zi3mx2ff4j,와.. 비에고네
@user-ev8ru5ks2e,예솔이 출석
@ililllilllilli6951,"골드 승급전 마지막판,전설을 써주지"
@user-hd2xp4lj7e,지금 보니 비에고 스토리누
@Continue_Reset,이노래를 처음에 마크로접했는데 노래이름이 Viva La  Vida라니 그분이 죽기전에 남기신말과같네
@user-mj1vc1kp2k,퇴물이란 단어는 괜찮음 근데 사람들이 안좋은쪽으로 사용하는것을 보기 싫은거임
@user-ll1jn4rr3m,감사합니다 이 노래를 듣고 나오기를 꺼려하던 똥이 세상 밖으로 힘차게 전진했습니다.
@dohyunlim5139,"이곡은 파란만장한 인생 속에서도 큰 족적을 남긴 화가 프리다 칼로의 마지막 작품 인생이여 만세 (viva la vida) 에 영감을받아 만들어졌다.짧든 길든 굵은 삶은 살았던 사람이 할 수 있는 이야기, 인생이여, 만세"
@icdino,1년 남앗다 폭군
@user-ik7mk7te5z,이거 작곡할때 조상님 접신이라도 했나
@user-bu9rs8so6l,This reminds me of Louis Charles...(or Louis XVII)
@user-uk7qg1bo8z,제목 기억 안날때마다 성베드로 노래치면 나옴ㅋㅋㅋㅋㅋㅋㅋㅋㅋㅋㅋㅋㅋ
@user-iy2rr8md3m,이분 요즘 왜 활동이 없으시지..ㅜ 나 초딩때 이분 해석영상 많이봤는데.. 그립다
@user-xs2ue3jq8i,해도리가 생각나는 음악
@user-cr3ni6ln7i,비비고를 위한 곡
@sharhu,그레고리안(망명)
@dongdakr6916,어릴때 마크 경제서버 마인팜 서버 하다가 브금 저장소에서 무너진왕국만 들어서 그게 원곡인주 알았었는데  아니여서 충격받았었는뎈
@sejunhwang1661,인간들 자서전 ost 같음
@user-gl7lo7kl8i,본인이 마인크래프트 애니메이션 `무너진 왕국`보고 울어봤다 개추 ㅋㅋㅋㅋㅋㅋㅋ
@aaaaaaaaaaaaaa_aaaaaaaaaaaaaai,어떤놈이 상상으로 세계 정복까지 했는데 세계를 위해서 참았다는데
@user-iz1ri4gd4w,위대한 수많은 인물들도  세상을 지배할수는 있었지만 소유할수는 없었다. 그들도 결국에는 죽음에게 쫗겼으니까
@user-fg9cu7tb1w,나일론머스크땜에 삘받아서 옴 ㅋㅋㅋㅋ
@user-jq1nl7rd6v,딱 비에고의 이야기네
@maybe355,만화 주제곡 같기도 하다
@user-leeeeeee333,이게 그 노래였어??
@user-bn9hn5hd8x,나만 이 노래 들으면서 모아나에 나오는 마우이랑 비슷하다 생각했음?
@user-pw2cd4hx1y,조선으로 따지면 이방원 아니누
@user-pz7ef7zd1l,이거 누가 피바람이다 라고 했었는데
@ymf5767,내 시험점수네ㅋ... 96->48
@user-tg6fb5xh9z,2:08
@user-we6ml5ts3e,헨리린? 헨리린 해리
@user-nc4ci6dk6g,목소리가 바뀌는거 같냐?
@user-zz3ey1ku2m,어우
@rps-lx9kr,"한순간. 그들이 세상을 지배 할 수 있는 것이다. 잘들어라. 세상의 절대와, 영원은 없으니. 저 찬란한 국가도 언젠가 내려올터니 기다려라.  - 내가 본 어떤 역사 선생님 -"
@user-et2pe7rw9x,"성경 적으로 해석한 내용입니다  소금과 모래위에 지은 성은 자신의 성은 멋지고 웅장하지만 그 지반은 즉 기초는 이미 망가져 있었다 라는 의미로 해석이 된다(성경에 마태복음 7장 24절:주의 말을 듣고 행한자는 돌로 된 반석 위에 성을 지은 자와 같으니 또 7장 26절에 주의 말을 듣지도 아니하고 행하지 아니한자는 모래 위에 성을 지은 자와 같다 라는 구절이 있다)  자신이 폭군인 걸 알아차린 자의 최후를 시점으로 만든 노래 마치 성경의 솔로몬 같다 솔로몬은 세상의 모든 금은 보화를 가지고 있고 그 누구보다 총명한 왕이었음에도 결국 죄악의 삶을 살았다 하나님은 그래도 그를 사랑하셔서 꿈에 나타나 이방의 여자와 자지 말라하였지만 결국 솔로몬은 예수님을 저버리고 이방의 여자와 방탕한 삶을 산다 하나님도 그를 저버리셨고 결국 그의 나라는 남과 북으로 나뉘어 지게 된다 많은 사람들은 솔로몬이 아이를 반으로 갈르게 하여 그 아이의 어미를 찾아내는 총명한 왕으로 생각하지만 마지막에는 결코 지혜롭지 못했다 의 삶이 마지막에 다다르자 그는 모든것이 헛되고 헛되니 모든것이 헛되다 라고 한다 이점은 이 노래 안에서 폭군이 마지막에 후회하는 내용과 흡사하다(전도서 1장 2절 전도사가 이르노니 모든것이 다 헛되다)  ""성 베드로는 내 이름을 불러주지 않을 거란 걸 알고 있어"" 이 뜻은 성경책 신약에 내용에 연관지어 이야기 할 수 있는데 예수님께서 십자가를 지기 몇일 전 자신을 회개 하고 주님을 믿겠다 다짐 하는 베드로에게 감동한 예수님이 천국문의 열쇠를 내어 주셨다 베드로가 자신의 이름을 불러주지 않겠지라는 말은 즉 자신이 천국에 들어가지 못할 걸 미리 알고 있는 폭군의 최후 였을음을 알 수 있다"
@user-xn6co9rl7r,구원은 인간에게 없다   창조주하나님께있다
@totoblox4242,English comment
@lilycole6213,내 남동생 mp3에 아울시티와 더불어 있던 곡  아빠 차에서 동생 거 뺏어 들었지...
@chungreacho7396,Mangmangee
@user-pw3jx9ll3u,이노래 브금 버터플라이같다
@Ji_in,광해군같아
@gatppeol,옛날에 마크 패러디 노래로 많이 들었는데 ㅋㅋㅋㅋㅋㅋ 무너진 왕국이었나 ㅋㅋ
@user-vc6dd9er4n,제목기억안나서 외국왕노래치니깐 나오네 ㅋ
@user-st5or8on2y,조회수는 짭잘한데 구독자가.....
@Black_Fish_,성 베드로가 왜 이름을 안불렀는지 몰라서 보러왔습니다. 노래는 좋은데 봐도 이유는 모르겠네요 다시 가겠습니다.
@onebaby1248,이곡이랑 the killers 의 all these things that i've done 가사는 스포츠랑 별로 관련없는데 축구하면 항상 두곡이 나옴
@user-gc3kr9nf7j,비에고 테마곡?
@crimson_acther,이게 그 밈 용 음악인가?
@user-ks8cr4uc9d,At that time orient world it was  And in the sky galaxy shines it's stars down on person's heart as it be
@user-yw9qp8ci5s,분명 연산군이 부를거 같은 노래인데 왜 이성계 장군님이 부른거 같을까
@miguelapaza6786,Hay puro chino aca
@mozartii5600,네 다음 노숙인분 입장해주세요
@user-nf6dc3nc2f,하... B terry 후드려갈기고싶은데 댓글창꽉차서 댓못쓴사람 여기로와라..
@user-xb2go5il2l,콜드플레이 밴드임?? 누가 빨리 답 좀 ㅠㅠ
@user-gc9jh1dp6d,이노래의.가사는 절대 젊은이가 썼을리가없다.
@user-mi3km6qt6e,"한 청년이 있었다. 그 청년은 입답이 좋고 연설을 잘해 사람들을 모으는 재주가 있었다. 그를 추앙하는 사람들이 늘어나고 세력화되자 유태인들이 그를 모함하여 예루살렘은 그를  십자가에 못박히는 극형에 처한다. 후세에 유태인은 미움받게 되고, 그는 신화가 만들어지고 책(성경)이 만들어지고 신격화되었다. (주)예수"
@user-tn7fq9og4y,99
@h_ys838,"I used to rule the world  Seas would rise when I gave the word  Now in the morning, I sleep alone  Sweep the streets I used to own  I used to roll the dice  Feel the fear in my enemy's eyes  Listen as the crowd would sing  Now the old king is dead! Long live the king!  One minute I held the key  Next the walls were closed on me  And I discovered that my castles stand  Upon pillars of salt and pillars of sand  I hear Jerusalem bells are ringing  Roman Cavalry choirs are singing  Be my mirror, my sword and shield  My missionaries in a foreign field  For some reason I can't explain  Once you go there was never, never a honest word  And that was when I ruled the world  It was a wicked and wild wind  Blew down the doors to let me in  Shattered windows and the sound of drums  People couldn't believe what I'd become  Revolutionaries wait  For my head on a silver plate  Just a puppet on a lonely string  Oh, who would ever want to be king?  I hear Jerusalem bells are ringing  Roman Calvary choirs are singing  Be my mirror, my sword and shield  My missionaries in a foreign field  For some reason I can't explain  I know Saint Peter won't call my name  Never an honest word  But that was when I ruled the world  Oh, oh, oh, oh, oh  I hear Jerusalem bells are ringing  Roman Calvary choirs are singing  Be my mirror, my sword and shield  My missionaries in a foreign field  For some reason I can't explain  I know Saint Peter won't call my name  Never an honest word  But that was when I ruled the world"
@user-ke4yy5tb3l,옹
@dksm9780,Viva la vida? 피바람이다
@user-zw9qx5wt2q,이제보니까 가사에 라임 넣어뒀네
@user-qq9kb3zl5n,ㅆ...쌋다
@user-os7dz4tp9j,'비에고'
@kjmin1004,몰락한 왕... 비에고?
@user-zc6bs9je9c,아님예언자요한
@summer-er7ov,콜드플레이랑 킬러스 곡들은 신난데 가사가 너무 의미심장함
@user-ny2fx6bm4j,ㄷ
@user-ip4mu6ic8k,승리는 정의가 아니라 승리는 정의와 관련이 없고 정의는 올곶음이다 ㅋ즉 승리한자는 정의가 아니다 승자는 이긴 사람일뿐 ㅋ
@Redireeee,1:10 1:10 1:10 1:10
@user-nd3kn2lw2x,1:53 누나는 똥을싸 냄비에
@user-fl1mt4ir3u,똥싸면서 보는데 똥꼬가 웅장해집니다
@user-re7nq3eu5v,백설공주 악역이 남자였으면 저노래 부를거 같음ㅋㅋ
@user-dd5ry3ju9t,예루살렘을 위해서 만든 노래인듯..?
@user-om9de2lq9y,비에고?
@azpilicuetatancocesar6940,"뭔가 고종황제 얘기같네.. 가사가    나는 한때 세상을 지배했었지  ///조선시대 고종의 어렸을적 그의 집안  바다도 내 말 한마디에 움직였었지  ///왕정을 절대적으로 모셨던 백성들  이젠 아침마다 혼자잠들고  ///주위엔 제대로된 신하는 찾아볼수없고  내 것이었던 거리를 쓸고 다니네  /// 내 것이었던 조선이 일본에게 넘어감  난 한떄 주사위를 쥐고 있었지 적들의 눈은 공포로 가득 찼었어  ///조선시대는 일본을 이겼었지만,  지금은 식민지가 되어야만하는 조선  백성들의 노랫소리가 들려와 ""늙은 왕은 죽었으니. 새왕이여 만세!""  ///하나 둘 친일파가 되어가는 백성들  열쇠를 가졌지만 좁은방에 같히고 난 후  ///일본군들로 가득한 좁은 방같은 경복궁  그때야 되어서야 깨닫네 나의성은 소금과 모래로 된 기둥으로 지어졌다는것을,  ///위대한 나라인줄 알았던 조선이 힘없이 무너지고 있음  예루살렘의 종소리가 들리고  로마 기병대의 합창이 들려와\  ///점점 일본의 국권침탈은 심화되어가고 군가를 조선에서 부르며 행진하는 일본군들의 모습  나의 검과 방패가 되어주게 낯선 땅으로 떠난 선교사들이여  ///헤이그로 특사를 보낸 이준,이상설,이위종  어떤 이유에서인지 설명할순 없지만, 네가 저 자리에 앉더라도 진실은 단 할글자도 없었을거야  ///현실을 직시하는 고종황제  이건내가모두 세상을 지배 했을때 이야기라네."
@user-tt7en5gc1e,아무리 강력한 권력을 가진 자라도 신 앞에선 결국 평범한 인간일 뿐이다
@BEE_bbb,210411
@southernpacificfederation3535,nscx 그랜드라이히에서 총통이 체포되고 평화의 종소리가 울리며  자유 혁명군의 합창소리가 들립니다.
@AmiyaCookieChada,이거 누가 전지적 근혜시점이라고 한 댓 찾는중
@user-qy8mh7mo3d,Ruin king
@End_Tree2048,신을 조롱하는 노래구만...
@ChoiYoungEui,대한민국은 죄 다 사랑노래 서양은 이런 저런 주제들로 노래를 끝내주게 만드는구나
@TaeMin98,틱톡 노래 음원 쓰겠다
@lucianistrate8793,히틀러 이야기
@study_rck,축구게임 노래
@user-ck6hg6st6u,쇼미10 태버님 덕에 여기까지오게된
@edmluv,"i hope that ""Putin"" must sing this song... after war..."
@julienpark6920,솔직히 노찾사 노래보다 더 김동적이다
@gongminjilove,로제의 힘이 대단하긴 해 ㅎㄷㄷ
@user-xk4tt3ks2h,1.00누
@oo-tl8rb,씹렐루야
@user-oz7pk9ot2z,시발 이걸 어떻게 첼로로 변형해서 해오냐고
@chobapwang,뭐야시발 메테오가 여기서 영감을 받았나?
@love240,가사가 대충 성공한 인생을 살다가 자기뽕에 취해 망나니짓해서 그 업보로 페인으로 전락한 사람의 인생같다
@user-ze2mu2gx1h,이거 저작권 있어요?
@user-or4km9kw6j,이 노래 좋으면
@user-cr8lw2dk7d,무언가 고려 혁명[조선 건국]이 생각 난다
@jerry-lw5td,비에고
@goodluck_king_1,여기다 문과냐?ㅋㅋㅋ 감수성 미띤 ㅋㅋㅋㅋㅋㅋㅋㅋㅋ
@user-wi7yw4jb2g,예수빙의된노래 예수가 나의 죄를 짊어지고 십자가에 못박혔으니ㅡ 살생은 안된다는 불교가 더 좋다더라
@scutum001,너가 아무 것도 아니라면 북이나 치라고... 열심히...
@haedal1101,"몰락한 왕가의 입장에서 봐도, 탄압당하는 민중의 입중에서 봐도 비참하기 그지없으니"
@Gooldi2293,전성기가 지나면 퇴물이 아니고 전설이지 않나
@user-bn3ot4ji4f,"영희는 이영상을 보고 난뒤 아멘이라고 하며 성경책을 폈다.3페이지를 읽고있던게 12시였고,4페이지로 넘어가다 덮은것이 3시였다.3시까지 영희는 무엇을 했는지 구하시오.(정답은 좋아요 50넘어가면)"
@LKH_a,현재 트럼프 심정
@user-no3kd4vo6s,",x"
@user-ft3yi1td6n,껍데기는 가라
@user-jc2rt6ll2l,Shj
@ngema480,대통령 했었지
@cosmosrich,현 미국 대통령 트럼프를 위해 바친다
@robthebat7560,루이16세가 모티브라고는 하는데 나는 나폴레옹이 가장 먼저 떠오름 왠지는 모르겠다
@user-EBS622,.
@warui_same,?
@Gam_ja_,힘 없는 늙어가는 왕이 전쟁터에 나가기 전에 부를법한 노래
@user-qo5mt6gk5f,ㄸㅇㄴ
@phlime99,ㅂㅂㄹㅂㄷ치니까 나오네ㅋㅋㅋ
@odor7488,개인적인 생각이지만 이런 가사는 한국어로 부르면 느낌이 안살아남
@user-vm9en8gj4e,비에고 ㅋㅋㄹㅃㅃ
@user-fl9si1vr3h,로제가 부르는거 듣고 해석보러왔어요
@flooosha2376,Minecraft
@user-hc1dj1gi5i,ㅅ
@tomato8441,아이브 i want가 표절 샘플링 수준으로 갖다 쓴곡
@name9947,시대의흐름을읽지못하고 게으른사고습관과  기존의사고방식을고수하면 .
@user-nc8sy5fx9f,ㅋㅋ
@didieke5448,예수님 이야기 아닌가?
@user-ql4pl1ch4m,뭐야이게
@user-lr4dc8zp8o,아 틱톡에서 나와서 찾아왔어요 ㅋㅋ
@user-zg8hd5iy1t,ㅋ
@user-rv4cf8oz4l,"나도 이노래는 jesus christ에 관한 노래라고 생각한다.  직역을 안하고 의역을 해봤을 때 예수의 제자들은 선교사들인듯하고,베드로는 예수를 3번 부인했다고 하니 그런 이야기를 하는거 같은데 한때는 예수를 추앙하던 사람들이 그의 죽음을 앞두고는 권력을 잃은 왕취급을 했을 것이고.  부활하지 않은 예수는 아마도 사람들의 기억에서 잊혀졌겠지.   근데 치사하게 그러면 안되는거 아님? 신의 아들이든 인간의 아들이든 그 삶은 자체로 아름답지 않냐고."
@user-qe4uw5qz1d,gf
@user-VirginHouse,가사를 모르면 나는 조선의 편 가사를 알면 나는 고려의 충신
@xpwecw8086,가사가 예수 일대기 말하는 건가?
@mgmguu,북치는 빡빡이형?
@user-jk6yt4op9b,니들 틀딱이라고 놀리지  ㅁ ㅏ 우리도 다 전성기가 있었어 흐르는 시간은 멈출 수 없고 너희들도 마찬가지야
@2junhyeok,난 이 노래를 들었을때 마인크래프트의 크고 웅장한 성을 보았다.
@user-ik3wf4wj4g,dh
@makethesovietsgreatagain2438,내 주식이야기인가? ㅅㅂ...
@user-cs2wd6pf6p,폭군이라도 저렇게 회상하고 있으면 난 울 것 같아 아 씨바 이 감성충
@user-ic3re3nr7m,"유독 이 영상 댓글에 메-, -던 유저들이 많은거 같네 ㅇㅇ;"
@gira3236,이영상에는 시인들이 왜캐 많지
@user-rz7mn4gx2c,로또되면 이노래 블루투스 최대로 볼륨올리고  빤스만 입고뛴다.
@civilian84,존나 피파브금같네
@user-dv7jb5nz7y,부엉이 우는 소리 들리고~
@gamst7681,고종이 그렇게 잘했다 하진 않지만 이노래들을때마다 고종생각남 자기조상들이 건국해오던 위대한줄만 알았던 조선이 다른나라에비해 소금과모래로 쌓여진 섬에불과했었고 점점 일본이 갑오개혁 강화도조약으로 숨통을 조여오고있고 점차 무너지는 조선
@user-ge5if4yl9z,"이 노래는 종교적인 관점으로 보면 굉장히 반그리스도교적이라고 할 수 있습니다.  - 완전  제 추측으로 만든 해석입니다 -   1. 난 한때 세상을 지배했었네. 바다도 내 말 한마디에 솟아올랐어. - 바다를 통제했던 예수 이야기를 인용 2. 백성들의 노랫소리가 들려와 ""늙은 왕은 죽었으니, 새 왕이여 만세"" - 기독교가 전 세계에 퍼졌던 적이 있었으나, 포스트모더니즘 세대로 오면서 신앙과 공동체 보다는 개인과 자유가 중시되어서 새로운 왕을 섬김(성경적으로는 물질, 명예, 성) 3. 열쇠를 쥐고 있던 것도 한 순간 - 베드로에게 천국 열쇠를 맡긴 것을 비유적으로 했던 이야기를 인용 4. 나의 성은 소금과 모래로 된 기둥 위에 지어졌었다는 걸 - 타락한 소돔과 고모라 이야기 인용 5. 이건 모두 내가 세상을 지배할 때 이야기라네 - 예수가 퇴물이라고 비하하는 부분 6. 혁명가들은 은쟁반 위에 올려질 내 머리만을 기다리네 - 실제로 세례(침례) 요한이 종교적 이유로 그렇게 죽었음 7. 예루살렘의 종소리가 울리고 로마 기병대의 합창소리가 들려와 - 예루살렘은 기독교 성지, 로마는 예수를 못 박은 배경 8. 나의 거울과 방패가 되어주게 낯선 땅으로 떠나간 내 선교사들이여 - 예수를 전하러 떠난 선교사들을 조롱하는 듯. 너네 예수는 이미 몰락했는데 그것도 모르고 다니는 것을 비하하는 듯. 9. 성 베드로가 내 이름을 부르지 않을 거란건 알고 있어 - 베드로는 예수를 3번 부인한 적이 있음. 그걸 조롱함과 동시에 예수를 배반할 것이라 조롱. 10. 이건 모두 내가 세상을 지배할때 이야기지 - 예수를 한물 갔다고 하며 조롱.  성경을 꽤나 읽어본 사람으로서 이 노래를 처음 들을 때도 기분이 이상했는데, 다시 보니까 완전 반그리스도적이라고 생각이 되는군요. 일단 생각나는대로 막 적어서 두서가 없어 보이기도 하네요."
@user-vu9jp3ly2h,전두환이 들으면 무슨반응할란지
@user-qb6oc4pi6f,반에서 이거 듣는데 좋아서 소름돋고 느끼고 있는데 여자애들이 뭔 듣보 노래냐고 하고 있네
@user-zc6bs9je9c,저는 예수인줄
@gvcxxddxzsss,왜 박근혜가 생각나냐
@user-fm3jr1ky2r,갑자기라고 생각 하실 수 있겠지만 대통령 이승만이 생각납니다 전성기 때는 나라를 지배 했지만 후에는 하와이에서 비참하게 죽었다는것이 떠올랐습니다
@Ratten777,업보가 돌아온거지 머 가사보면 자기도 늙은왕을 내치고 진실을 조작해서 성자도 자기를 안부를거라 하는데 자기도 그꼴을 당했으니
@NyanNyanE,아이브 노래듣고 생각나서 온 사람?
@user-jp8lj1wn8k,여기 시인이 왜이렇게 많아?
@ronaldodeassismoreiraronal5165,누나는 똥을싸 냄비에
@1214smilE,왜 다들 중2병처럼 변하는지 모르겠지만 노래는 좋다
@user-oj5gp7qg1t,찐따들이 좋아하는 노래 ㅇㄷ
@sexybo2,가사 먼ㄴ저 나와야하는거아닌가;;; 불편하넹
@user-jm4bi8qo6o,아 김p님 댓글에 틀딱한마리 ㄹㅇ 개웃기다 ㅋㅋ
@Xowns925,아니 노래 좋은건 알겠는데 베스트 댓글들 존나 오글거리네 ㅋㅋㅋㅋㅋ
@user-ft3yi1td6n,가사는 술주정뱅이같은 타령같은데. ... Bgm은 승전가  ㅎㅎ
@user-ip8zo9oh5w,솔직히 말해 틱톡 보고 노래 찾아서 왔다 손
@user-ko7mx4uv9v,이노래가 왜 기독교 찬송가로 들리지?
@Captain_Bongha,대통령 했었지~~~
@user-nk9lc4hf7n,부질없단 뜻이네
@user-qf7fq4bm3x,맨날 제목까먹는노래
@user-mp6xl5cb5s,1:54 누나는 똥을 싸 냄비에
@user-qv1ov3zu8n,민희진 알고리즘. 내가 왜 죽어? 다 까발리고 다닐꺼야! ㅋㅋㅋㅋ
@user-lo2dh2mj8e,기독교 노래 같음
@wait9141,이거 롤박사오프닝에 나오는노래인데
@jeannehebuterne8408,You're not a king
@user-hv7qv3hu7g,??? 퇴물 래퍼  어땟어
@premium5170,FAKER
@rgbnjhnkkommie,가슴아 멈춰라 너는 그저 평범한 한국의 학생일 뿐이다!!
@user-nw2mf7su9w,김정은한테 어울리는 노래인듯
@user-kr1si9jy1l,아 수행보기 싫다
@thedeft-xc1pm,가사가 너무심오해 머선뜨시고?
@ykp-mt9db,아이브 I want 가 이거 표절이구만
@franceair5114,노래는 굉장히 좋긴한데 비슷한 음 이 곗속 반복이라 약간 지루 한 감이 잇긴함  솔직 하게 말씀 드리는 겁니다
@user-it6le5rq2v,성 베드로가 왜 이름을 안 불러주지? 예수님에 관한 가사같은데... 왜 뭐지. 희화화하는 것 같아 기분 나빠.
@user-hg4rr3wu5d,음악은 좋은데 가사에서 십자군 냄새가 조금 많이 토나옴  모르는게 약일때도 ....ㅠㅠ
@broccolikim,누가 박근혜 전대통령 물러날때 BGM이 이곡이라고 한 거 본후로 이 노래 들을때마다 아련하게 박근혜 웃는 얼굴이 오버랩돼서 감상을 망침;;
@user-ky3wu3ix9p,표절만 안했어도 ㅜㅜ
@33lololol33,숭배합니다.    대 상 혁
@abc-hx3rv,윤석열이 불렀으면 하는 노래
@user-wl9yz3kp8j,윤석열 연설할때 나오길래 웃겼다. 자기가 무슨짓을 하는지 모르는 바보
@uuytyyy6668,조선인들은 200년뒤에도 못만들 수준의 가사 와. 음감.
@doyouhearme9288,영국을 대표하는 곡같다. 다들 평화로워지자 영국의 사악함을 예기하며 그들의 평정된 세상을 지배했었을 뿐이라고 예기할때 얼마나 답답할까? 그들이 만든 이세상이 너무나 놀라워서 존경스러움에 성경을 한구절이라도 더 보게되는데 정말 콜드플레이가사는 역사서 같다.
@user-tv3sk3gg1y,사비부분이 아쉬운곡~~ 너무 처음부터 끝까지 똑같음;;; 사비에 변화만 잘 줬으면 진짜 초대박 곡인데 ㅋㅋ
@dddyujin,1:54 누나는 똥을 싸 냄비에~~
@sweetywiz,이 노래가사 사탄이야기같다 성 베드로 예루살렘   곳곳에 단어 넣어 이야기 하는데 영분별이 필요하다 베드로가 안부른다는거 결국 지옥간다는거 같다  이 노래 너무 부르지 마라.  사탄같은 노래는 한번에 마음을 사로잡는다 레이디가가 포커페이스 퀸의 보헤미안랩소디
@user-go9vi8ey1r,문재인 이재명 추락을 듣고 여기에 들렸습니다
@user-pr3oj1rk4k,3:19 3:21 ㅋ
@user-sb6mh6gp7h,윤석열 대통령의 승전가가 될 것이라 믿는다
@MUNI284,게이는문화다
@kickmyass9115,먼말인지 모르겠네    뭘 어쩌란거냐?
@doyouhearme9288,절대 소금으로 만든 성이 되게 두고만 있지 않을 1인으로서 영국신사의 나라. 발악도 안하고 누구맘대로 사라진다고 떠들어 절대안돼지. ㅠㅠ 안돼! 내 남편을 만들어 달라고! ㅠㅠ 넘 영국 멋있는 나라 의 사람들 당신들과 행복해요. 저기 저 아프리카의 무식한 이들이 당신에게 침을 뱉는다면 목을잘라 당신들께 바칠수도 있을듯. 사랑합니다.
@gimts1124,가만히보니 교회노래였네? 우쒸 교회다니는 사람들 싫은데 이 노래도 갑자기 싫어지려하네?
@user-qg2wm4yl6t,먼데 이 삼류밴드는 연주력 최악이고  보컬은 뭐 어디 노래방왔냐
